000000001228,A. Bonnekan
000000000699,Aagje van Leeuwen
000000000150,Aaltje Gerrits van Bemmel
000000000715,Aaltje Maartens
000000001098,Abigael den Haan
000000001055,Abraham Ambrullaert
000000000258,Abraham Anthonisz
000000000485,Abraham Bax
000000000579,Abraham Bluss sr
000000000023,Abraham Boleyn
000000000838,Abraham Braamhorst
000000000283,Abraham Commelin
000000001165,Abraham Cornelisz Verhoef
000000000649,Abraham Danj
000000000766,Abraham Duzaar
000000000240,Abraham Elzevier
000000000231,Abraham Elzevier. Vrijmeester
000000000911,Abraham Fatsoen
000000000941,Abraham Fortrie
000000000768,Abraham Gijsman
000000000235,Abraham Honkoop
000000000228,Abraham I Ambrullaert
000000001044,Abraham I Elsevier
000000000232,Abraham II Ambrullaert
000000001051,Abraham II Elsevier
000000000386,Abraham Jansz Durieu
000000000227,Abraham Kallewier
000000000652,Abraham Kar
000000000135,Abraham Messemaker
000000000643,Abraham Montagne
000000001230,Abraham Obijn
000000000018,Abraham Schreuder
000000000610,Abraham Schuddemat
000000001111,Abraham Thomasz de Vechter
000000000008,Abraham Waelpot
000000000792,Abraham de Leus
000000001056,Abraham de Mij
000000001243,Abraham de Swart
000000000655,Abraham du Saar
000000001234,Abraham du Vivi
000000000578,Abraham jr Bluss
000000000516,Abraham van Benthem
000000000479,Abraham van Gaesbeeck
000000000668,Abraham van Pannen
000000000754,Abraham van Waalwyk
000000000825,Abraham van de Vijver
000000001207,Abraham van den Vijver
000000000132,Abraham van der Mij
000000000089,Adam Schouten
000000000248,Adolf de Pecker
000000000066,Adriaan Dirixsz Wijngaerden
000000000968,Adriaan Milders
000000000316,Adriaan Opperkamp
000000000688,Adriaan Vylbrief
000000000832,Adriaan van Assendelft
000000000737,Adriaantje Baltens van Diemen
000000001279,Adriaen Arentsz Vosbos
000000001288,Adriaen Claesz Vrijenberch
000000000163,Adriaen Geneger
000000000746,Adriaen Goyaert
000000001251,Adriaen Severinus
000000001125,Adriaen van de Velde
000000000205,Adriaentje Floris van Sonnevelt
000000000588,Adriaentje Jans
000000000372,Adriana Dirx
000000000963,Adriana Klarenbeek
000000001161,Adriana van As
000000000978,Adriana van Heemskerk
000000000912,Adriana van Pantser
000000000192,Adrianus Bonte
000000000984,Adrianus Opperkamp
000000000976,Adryaentje van Wyck
000000000260,Aechje Jans
000000000853,Aechje Willems
000000000210,Aefgen
000000001062,Aegidius Elsevier
000000001285,Aeltje Coenraedts
000000000068,Aeltje Jans Visser
000000000508,Aeltje Maertens
000000000899,Aeltje Otten
000000000557,Aeltje Reijnen van Meteren
000000001186,Aeltje Ulricx
000000001036,Aernout Elsevier
000000001174,Aert Aldertsz Vermey
000000000146,Aert Bastiaensz
000000000846,Aert Corsz Brant
000000000544,Albert Becking L
000000001140,Albert Harde
000000000234,Albert Veldhoven
000000000318,Albert van Engelen
000000000826,Alexander Boijer
000000000927,Alice Terry
000000001265,Alida Aaltje van der Voorden
000000000037,Alida van Panne
000000000793,Ambrosius van Kerkhem
000000000921,Amme Flamine
000000000810,Andries Abselonse
000000000583,Andries Boesche
000000000725,Andries Boucher
000000000341,Andries Claes
000000000370,Andries Hendrickz Clouck
000000001185,Andries Verschout
000000000075,Andries Willaart
000000001071,Anna Beerninck
000000000554,Anna Bijl
000000000015,Anna Davidts Denys
000000000822,Anna Gerrits
000000000490,Anna Ghysels
000000000161,Anna Hackius
000000001041,Anna Harthals
000000001002,Anna Maria Swartz
000000001160,Anna Maria Verdonk
000000000451,Anna Noortmans
000000000821,Anna Perkins
000000000044,Anna Pieters de Vinck
000000000809,Anna Smeltzing
000000000808,Anna Vermey
000000000789,Anna Vermij
000000001219,Anna de Vink
000000001226,Anna van Markel
000000000463,Anna van de Geyn
000000000268,Anna van der Hage
000000000876,Anneke Dircx
000000001064,Anneke Harthals
000000000204,Anneke Jacobs
000000000900,Annetje Cornelis
000000000406,Annetje Gerrits Kenting
000000000844,Annetje Harmans
000000000102,Annetje Jans
000000000160,Annetje Poortemuller
000000000940,Anselick du Baer
000000000512,Antaganetje Lamair
000000000408,Anthoine Cossaert
000000000707,Anthon van Borselen
000000001225,Anthonia Willinghs
000000001231,Anthonie van Staade
000000001217,Anthonij de Vink
000000000865,Anthonij van den Hemert
000000001263,Anthony Vogelpoel
000000000925,Anthony de la Font
000000000732,Antoine Bouily
000000000247,Antoine Chateau
000000001101,Antoine du Val
000000000819,Antoni de Uitdragersjonge L
000000000011,Antonie
000000000280,Arent Egbertsz van Campen
000000000165,Arent de Koning
000000000868,Arent van Broeckhuysen
000000000374,Ariaen Sprong
000000000657,Arie Vrindt
000000000593,Arn. Fleur
000000000969,Arnold Fleur
000000000048,Arnold Wessel
000000000994,Arnoldus van Ostaa
000000001003,Arnout Voute
000000000721,Arrigo de Bosco
000000000722,Ary Bosman
000000000223,Ary van Alphen
000000000469,Aryaentje Geryts Schaecken
000000000030,Aryaentje Meynderts van Hogendijck
000000001284,Asinga Ellerts de Vries
000000000863,B. Benart
000000000016,Balthasar Davidsz Denys L
000000000482,Baltus Jacobsz Poereep
000000000476,Barbara Jans van Buyren
000000001093,Barbara Lopez de Haro
000000000441,Barbara Willems van Oy
000000000961,Barend Onnekink
000000000127,Barend Wishoff
000000001187,Barend van der Vies
000000000624,Barent Baljon K
000000001148,Bartel
000000000570,Bartholomaeus du Blé
000000000709,Bartholomeus Bos
000000000952,Bartholomeus Jacobsz de Fries
000000000646,Bartholomeus Olivier
000000000731,Bartholomeus Pret
000000000398,Bartholomeus de la Coor
000000000837,Bartholomeus van Hogenacker*
000000001239,Bartholomeus van Rosendael
000000000561,Bartholomeus van der Bildt
000000001012,Belytje Willems
000000000221,Benjamin Allen
000000000032,Benjamin de Wannemaecker
000000001074,Berbertje Copes
000000000674,Betheram Corts
000000001066,Bonaventura Elsevier
000000000458,Bonaventura Elzevier
000000000694,Boonaart
000000000695,Borgen
000000000158,Boudewijn Boudewijnsz van der Aa
000000000167,Boudewijn Jansz van der Aa
000000000159,Boudewijn Pietersz van der Aa
000000000484,C Baudin
000000000338,C. van der Post L
000000000947,Carel Fransz
000000000831,Carel Fransz K
000000001081,Carel Gerstecooren
000000000730,Carel Godfried Herzel/Mensel?
000000000973,Carel Godfried Mensel
000000000265,Carel Pietersz Arnoel
000000001137,Caspar van Leeuwen
000000000521,Casper Bercau
000000000147,Catalijne Ghysbrechts van Nas
000000000043,Catelijntje Roelants
000000000004,Cathalyntje van Sonhoven
000000001014,Catharina Adriaens
000000000203,Catharina Aelbrechts Berchey
000000000379,Catharina Cornelis van Hout
000000001147,Catharina Cruyswegh
000000000031,Catharina Dircx van Vrancke
000000000841,Catharina Groenendael
000000000530,Catharina Jans
000000000391,Catharina Jans Valckeniers
000000000230,Catharina Knippingh
000000000445,Catharina Le Borgne
000000000178,Catharina Oesinger
000000000383,Catharina Valckeniers
000000000842,Catharina de Vos
000000000021,Catharina le Bor
000000000027,Catharina le Borgne
000000001188,Catharina van Eyl
000000000493,Catharina van Lensen
000000001046,Catharina van Waesberge
000000000308,Cathelyne Rademaeckers
000000001171,Chaerl Verhouffstraeten
000000000302,Charel
000000000472,Chr. Lapoorte
000000000830,Christ. Calaminus* K
000000000644,Christiaan Onderwater
000000000594,Christiaan Stokman
000000000183,Christiaan Valentijn Albrecht
000000001151,Christiaan van Rijp
000000000628,Christiaen Jacobsz van der Boot
000000001173,Christiaen Vermey
000000001100,Christian Urall
000000000274,Christianus Calaminus
000000000986,Christina Hofman
000000000434,Christoffel Jansz Bailliu
000000000468,Cijken Platijn
000000000636,Claas van der Gaag
000000000276,Claertje Goris Berby
000000000342,Claes Claess
000000000347,Claes Claesz
000000000553,Claes Claesz Biestkens
000000000758,Claes Claesz*
000000000704,Claes Jansz Bors
000000000813,Claes Lens
000000000215,Claes Pietersz van Hoeck
000000000471,Claes Sier
000000000874,Claes de Bruckere
000000000520,Claesje Jans van Dorp
000000000953,Claude Frison
000000000734,Claudius Bourgeat
000000000369,Clouck (familie
000000000124,Coenraad Wishoff
000000000111,Coenraad jr Wishoff
000000000110,Coenraad sr Wishoff
000000000381,Commelin (familie
000000000288,Cornelia Antoni van Kleef
000000001104,Cornelia Caan
000000000781,Cornelia Huyberts van Huchtenburch
000000001257,Cornelia Jacobs van Duyne
000000000332,Cornelia Lievens
000000000780,Cornelia Pieters
000000000823,Cornelia Pieters van Palesteijn
000000001109,Cornelia Stempel
000000000012,Cornelia Verhagen
000000000069,Cornelis
000000000736,Cornelis Arentsz Boutesteyn
000000000442,Cornelis Balji
000000000798,Cornelis Basijn
000000000145,Cornelis Bilderbeecq
000000000640,Cornelis Bleskens
000000000587,Cornelis Boissens
000000000735,Cornelis Boutesteyn
000000000845,Cornelis Christiaensz Brandt
000000000400,Cornelis Cornelisz
000000000367,Cornelis Cornelisz Clock
000000000848,Cornelis Corsz Brant
000000001157,Cornelis Dirckz van Schelt
000000000256,Cornelis Hogeveen
000000001059,Cornelis Horatius Wyngarden
000000000988,Cornelis Jansz Orlers
000000000906,Cornelis Jansz van Buyten
000000001060,Cornelis Justus Wyngarden
000000000729,Cornelis Mulder L
000000001025,Cornelis Noest
000000001029,Cornelis Noodt
000000000955,Cornelis Oliphiers
000000000958,Cornelis Onderwater
000000000611,Cornelis Picaar
000000000152,Cornelis Pietersz te Woerden
000000000444,Cornelis Pietersz van Banheyning
000000001026,Cornelis Pietersz van Noorde
000000000653,Cornelis Schryver
000000001166,Cornelis Verhoef
000000000966,Cornelis Willem Goddaeus
000000000796,Cornelis de Does
000000000645,Cornelis van Damme
000000000974,Cornelis van Hoogeveen
000000000173,Cornelis van der Aa
000000000894,Cunera
000000000144,Cunera Aerts
000000000589,Daniel Bols
000000000654,Daniel Brokkaar
000000000885,Daniel Burchoorn
000000001070,Daniel Elsevier
000000001246,Daniel Goedval
000000001030,Daniel Jansz de Noot
000000000794,Daniel Kruysting
000000000648,Daniel Rijk
000000001082,Daniel Steucker
000000000092,Daniel Vijgh
000000000778,Daniel Willemsz van der Boxe
000000000667,Daniel de Rijk
000000000518,Daniel du Saar
000000000024,Daniel van den Dalen
000000000807,Daniel van der Boxe
000000001106,Daniel van der Vecht
000000000866,David Brock
000000000116,David Mortier
000000000033,David Wardenaar
000000000355,David le Clair
000000001122,David van Veen
000000000777,Denijs Bouwman
000000000767,Denys Bouman
000000000759,Denys Bouwman
000000000449,Deonys De la Soubs
000000000761,Dieuwertje van der Boxe
000000000788,Diewertje van der Boxe
000000000775,Dirck Bornaviel
000000001281,Dirck Gerritsz van Vreeswijck
000000001286,Dirck Jansz Vries
000000000598,Dirck Mathijsz van Bom
000000000979,Dirck Oosterlingh
000000000041,Dirck Pietersz Waterloo
000000001028,Dirck Pietersz van Noort
000000000872,Dirck Sybrantsz Brouckhuysen
000000001099,Dirck Uittenbrouck
000000000154,Dirck Wolders
000000000185,Dirk Aangeenbrugge
000000000017,Dirk Abrahamsz Karreman
000000000684,Dirk Borneviel
000000000679,Dirk Brouwer
000000000954,Dirk Frousse
000000000255,Dirk Haak
000000000088,Dirk Strikker
000000001222,Dirk Visser
000000000133,Dirk van Meenen
000000000996,Ditmer van Outstede
000000000619,Dominicus Bonaert
000000000286,Doroth Tyebault
000000000617,Dorothea Cornelis
000000000105,Eduwaert Winsloo
000000000501,Eduward Dey
000000000330,Elias Luzac
000000000891,Elias de Coester
000000000054,Elisabeth Antonia Cocq
000000000106,Elisabeth Berkar
000000000246,Elisabeth Bols
000000000022,Elisabeth Braeckenburgh
000000000009,Elisabeth Cruysius
000000001037,Elisabeth Elsevier
000000001095,Elisabeth Jans de Smeth
000000000851,Elisabeth Jurriaens van Edam
000000001264,Elisabeth Vorster
000000000357,Elisabeth la Clair
000000000919,Elisabeth van Dorp
000000000869,Elisabeth van Kempen
000000001175,Elisabeth van Ulden
000000000380,Elizabeth Bartholomees Cloot
000000000356,Elsje Bouman
000000001155,Elsje Gillis Barmentlo
000000000291,Elsje Harrebrants
000000000186,Elsje Leedeboer
000000000548,Elysabeth Willems van Royen
000000001150,Emanuel Lacivet
000000001146,Emma van Schoonhoven
000000000827,Esaias du Val
000000000928,Etienne Luzac
000000000625,Etme Camusat K
000000000224,Eva van Alphen
000000000211,Ewout Evert Samuelsz van Aerschot
000000001129,Ezechiel van den Velden
000000000711,Felix Lopez
000000000296,Felix Lopez de Haro
000000000313,Felix de Klopper
000000001182,Femke Wessels Kluppel
000000000917,Ferdinand le Febvre
000000000118,Fr. Slingerland
000000001042,Franchina Hendriks
000000000987,Francina Franchimon
000000001065,Francina Hendriks
000000000279,Francina Woodward
000000001123,Francina de la Maet
000000000136,Franciscus Frans Lambrechtsz Wisman
000000001128,Franciscus van de Velde
000000000269,Franco Aubertijn
000000000771,Francois Wallencourt
000000000939,Francoys Formie
000000000243,Frans Andriesz
000000000474,Frans Bastijn
000000000949,Frans Fransz
000000000239,Frans Heeneman
000000000292,Frans Moeyaart
000000000314,Frans Ploeg
000000001229,Frans de Does
000000000577,Frans en Pieter Blommendael
000000000571,Frans van Bleyswyck
000000001032,François Nortier
000000001290,François Vrouwaard
000000000402,Frederick Cornelisz
000000000119,Frederick Slijk
000000000057,Frederick Wevel
000000000915,Frederik Haaring
000000001237,Frederik Jansz. Haring
000000000951,Freekbuur
000000000343,Gabriel Claes
000000001131,Geertje Qualijns
000000000149,Geertrui Simons van Schagen
000000000991,Geertruid Andries Cloeting
000000000364,Geertruid Johannes Proppens
000000000046,Geertruida Johanna van Weezel
000000000524,Geertruij Houweling
000000000354,Geertruit Michiels
000000000403,Geertruyt Simons
000000000393,Geertruyt de Praem
000000000219,Geesje Petrus Hoffmann
000000000500,Geleyn de Beunghe
000000000123,George Jacob Wishoff
000000000763,Georgius Bouwman
000000000920,Georgius Figurus
000000000073,Georgius Wilbrots
000000000450,Gerard Bardeloos
000000000103,Gerard Wingendorp
000000001241,Gerbrand de Wit
000000000319,Gerret Emmers
000000000262,Gerrit Arentsz
000000000492,Gerrit Bazijk
000000000770,Gerrit Emmers
000000000480,Gerrit Jacobsz Kop
000000000446,Gerrit Jacobz Kop
000000000197,Gerrit Korsse
000000000980,Gerrit Oosterlingh
000000000902,Gerrit de Bus
000000001184,Gerrit te Taer
000000000433,Gerritje Laurens van Scharpenseel
000000000535,Gheleyn Beunghe
000000000632,Gijsbert Boot
000000000310,Gijsbert van Cijserwaert
000000000817,Gijsbert van der Vaart
000000000141,Gijsbrecht de Wit
000000000620,Gijsje van der Waert
000000001035,Gilles Nutin
000000000218,Gillis Alenson
000000000419,Gillis Allenzon
000000001163,Gillis Claesz Verhal
000000001149,Gillis Corsz Cruyshoeck
000000001040,Gillis Elsevier
000000001240,Gillis Kruyshoeck
000000000960,Goedaert Onderwijs
000000001168,Golia Vermey
000000000462,Govert Basson
000000000760,Gregorius Bouwman
000000000552,Grietje Allerts de Haes
000000000840,Grietje Blokland
000000000439,Grietje Jaspers Eelhout in de Schoolsteeg
000000000514,Grietje Pieters
000000001283,Grietje van Ixsum
000000000047,Guillaume van de Weege
000000000418,Hackius
000000000904,Haesje Velthoven
000000000157,Hans Woutersz
000000000222,Harman Allerts
000000000051,Harman Lucasz van Westerhuysen
000000000104,Harmanus van Wingendorp
000000000889,Harmanus van der Velden
000000000375,Harmen Lucasz van Westerhuysen
000000000717,Hasebroek
000000000922,Heijndrick Florisz
000000000910,Helena Cockburn
000000000082,Helena Nasvelt
000000000487,Helena Six
000000000716,Helena van Alphen
000000000371,Hendrick Andriesz Clouck
000000000461,Hendrick Bary
000000000363,Hendrick Clerck
000000000151,Hendrick Cornelisz van Woerden
000000000507,Hendrick Harmensz Beckbergen
000000000376,Hendrick Hendricksz Clouck
000000000115,Hendrick Heyligert
000000000085,Hendrick Liler
000000000162,Hendrick Mulhovius
000000000741,Hendrick Teering
000000001154,Hendrick Verbiest
000000000399,Hendrick van Cosen
000000000612,Hendrick van Damme
000000000750,Hendrick van Ieper
000000000006,Hendriette Pickert van der Heyde
000000000083,Hendrik Adrichem
000000000581,Hendrik Bodoverden
000000000494,Hendrik Boudewijns
000000000932,Hendrik Drummond
000000000800,Hendrik Ernst
000000001198,Hendrik Kruysteen
000000000970,Hendrik Mendel
000000000985,Hendrik Opperkamp
000000000720,Hendrik Trap
000000001248,Hendrik de Swart
000000001256,Hendrik de Vogel
000000000188,Hendrik van Abkoude
000000000420,Hendrik van Beeckbergen
000000000901,Hendrik van Buren
000000000034,Hendrik van Damme
000000000397,Hendrik van Geenen
000000000546,Hendrik van Jever
000000000962,Hendrina Clasina Bekker
000000000410,Henricus Critel
000000000860,Henrietta van Lith
000000000676,Herman Lodewijk van der Steenweg
000000001132,Herman Verbeek
000000001170,Hester de Vogel
000000000981,Heyltje Adriaens van Crimpen
000000000975,Heyndrick Oortgys
000000001259,Hieronymus de Vogel
000000000176,Hillebrand van der Aa
000000000701,Hillegont Cornelis
000000000040,Hiob Warnfast
000000000153,Hugo Jansz van Woerden
000000000669,Hugo de Groot
000000000647,Huibert Wardenaar
000000000622,Huibert Wardenaer K
000000000765,Huibert Warnaer
000000000035,Huijbert Wardenaar
000000000349,Huybert Claesz
000000000997,Huybert van Outhuysen
000000000166,Huybert van Schaik
000000000526,Huybert van den Bergh
000000000784,Huybert van der Boxe
000000000903,IJsbrand Buys
000000000194,IJsbrant Buijs
000000000294,Ida Raets
000000000875,Immetje Everts
000000000692,Is. Nortier
000000001076,Isaac
000000001196,Isaac Carre
000000000387,Isaac Commelin
000000000536,Isaac Coutrier
000000001072,Isaac Elsevier
000000000892,Isaac Jacobsz Burchoorn
000000001033,Isaac Nortier
000000001232,Isaac Obijn
000000000497,Isaac de Beauvois
000000000513,Isaac de Beer
000000000003,Isaac de Waal
000000000804,Isaac van der Horst
000000000727,Isaac van der Walle
000000000447,Isaack de Wael
000000000360,Isaak Clement
000000001006,Isaak Obijn
000000001145,Isabella Schoonderoort
000000001202,Isack Coster
000000001054,Isbrant van der Burgh
000000000664,Izak Labordus
000000000663,Izak Tasseron
000000000515,J van Bems
000000000336,J. Kamerling
000000000728,J. Stockmans
000000000339,J. de Jong K
000000001143,J.A. Langerak
000000000887,Jac. Hael
000000000202,Jacob Adriaensz
000000000498,Jacob Beauvois
000000000582,Jacob Boels
000000000723,Jacob Bosschieter
000000000888,Jacob Burchoorn
000000000282,Jacob Carpentier
000000000389,Jacob Commelin
000000000392,Jacob Coninck
000000000905,Jacob Corpershoek
000000000411,Jacob Croonder
000000001079,Jacob Elsevier
000000000678,Jacob Engelbrecht
000000000747,Jacob Flipse Fermejou
000000000065,Jacob Hackius
000000000171,Jacob Huyser
000000001203,Jacob Isaac Domus
000000000181,Jacob Kaesgieter
000000000284,Jacob Lauwijck
000000000744,Jacob Louwick
000000000061,Jacob Marcus
000000000045,Jacob Marcusz
000000000495,Jacob Meul
000000000914,Jacob Moucque
000000001141,Jacob Murray
000000000084,Jacob Perk
000000001214,Jacob Pietersz de Vinck
000000000456,Jacob Pietersz de Vinck*
000000001244,Jacob Poereep
000000001058,Jacob Questro
000000000764,Jacob Reinierse
000000000965,Jacob Senerus
000000001192,Jacob Vieusaert
000000001268,Jacob Voorn
000000000053,Jacob Wetstein
000000000081,Jacob Willeke
000000000091,Jacob Willekes
000000000538,Jacob de Beunje
000000000626,Jacob de Graav
000000000672,Jacob den Ouden
000000000686,Jacob van den Bree
000000000629,Jacob van der Boot
000000000774,Jacob van der Bree
000000000651,Jacob van der Pluim
000000000087,Jacob van der Spijk
000000001107,Jacob van der Vecht
000000000898,Jacob? Burchoorn
000000000540,Jacoba Hoevenaar
000000000576,Jacoba Verbeeck
000000000138,Jacoba van Kampen
000000000130,Jacoba van den Acker
000000000510,Jacobus Beecke
000000000713,Jacobus Bos
000000000271,Jacobus Cabeljauw
000000000762,Jacobus Reijnierse
000000000534,Jacobus le Beuf
000000000525,Jacobus van den Berg
000000000175,Jacobus van der Spijck
000000001103,Jacobus van der Valk
000000000384,Jacomina
000000000059,Jacomina Marcus van Wolferhuijsen
000000000935,Jacomina van Ree
000000000702,Jacomyntje Oesseels
000000001075,Jacquemyntje Simons van Swieten
000000000733,Jacques Boulet
000000000366,Jacques Cleyne
000000000496,Jacques Joseph de Beaufort
000000000122,Jacques Sinot
000000001189,Jacques Vieusaert
000000001015,Jaecquemijntje Nolleth
000000000278,Jaepje Jans
000000000206,Jan Adriaensz
000000000537,Jan Aelbertsz van Zijgerhorst
000000000816,Jan Ambrullaert
000000000259,Jan Anthonisz
000000000263,Jan Arents
000000000428,Jan Baers
000000000533,Jan Bergier
000000000615,Jan Boon
000000000698,Jan Borneviel
000000000755,Jan Bouwensz
000000001247,Jan Bredero
000000000270,Jan Cabbeljauw
000000000681,Jan Cavee
000000000184,Jan Christiaan Aalbregts
000000000307,Jan Christiaensz
000000000346,Jan Claessen
000000000350,Jan Claesz
000000000390,Jan Commelin
000000000404,Jan Cornelisz
000000001181,Jan Crijnsz Verruwhert
000000000422,Jan Crynen
000000000056,Jan David Vreugdewater
000000000740,Jan Divicsz
000000001135,Jan Douw
000000001004,Jan Drijk
000000000929,Jan Drummond
000000000908,Jan Fagel
000000000923,Jan Fluijters
000000000936,Jan Fonteyn
000000000950,Jan Fransz
000000000323,Jan Frund
000000000880,Jan Goverts
000000000483,Jan Govertsz van Enden
000000000814,Jan Gubert
000000000470,Jan Hageman uit Hamburg
000000000344,Jan Hans Claes
000000001008,Jan Hendricxz Nachtegael
000000000335,Jan Hendrik Gillisen
000000000249,Jan Hendrik van Damme
000000000114,Jan Heyligert
000000000134,Jan Hoftuijn
000000000641,Jan Houtema
000000000677,Jan Huba
000000001016,Jan Huybrechtsz van Nederwaert
000000000289,Jan I Casier
000000000382,Jan I Commelin
000000000329,Jan II van Damme
000000000416,Jan Jacobz van Slingelant
000000000293,Jan Jan Casier
000000001061,Jan Janse Rickelman
000000001021,Jan Jansz Nieukerck
000000000989,Jan Jansz Orlers
000000000999,Jan Jansz Ouwenbroek
000000000505,Jan Jansz van Bebberen
000000000700,Jan Janszoon Bors
000000000637,Jan Ligthmans
000000000671,Jan Maats
000000000019,Jan Maire
000000000882,Jan Marten Bruyset
000000000642,Jan Mullinkhof
000000001022,Jan Nisbeth
000000000843,Jan Pietersz van den Brande
000000000818,Jan Rijcke L
000000000334,Jan Schreuder
000000000207,Jan Sirlippus Adriaensz
000000000623,Jan Spaan
000000000801,Jan Steenhagen
000000000300,Jan Tasseron
000000001114,Jan Thomasz de Vechter
000000000543,Jan Trago L
000000001130,Jan Velingh
000000001162,Jan Vergunst
000000000683,Jan Verhagen
000000001179,Jan Verrijk
000000001242,Jan Wagens
000000001201,Jan Wetsteede
000000000871,Jan Wiggers
000000000567,Jan Willems Blauwbeeck
000000000093,Jan Willemsz
000000000097,Jan Willemsz (edinburgh
000000000990,Jan Willemsz Orlers
000000000094,Jan Williamson
000000000638,Jan Wils
000000001069,Jan Zachariasz Baron
000000000604,Jan de Bonje
000000000182,Jan de Bruijn
000000000361,Jan de Clerc
000000000791,Jan de Heu
000000000828,Jan de Vechter
000000000226,Jan van Alste jr
000000000907,Jan van Buyten
000000000802,Jan van Houdema
000000000749,Jan van Leemen
000000000126,Jan van Noord
000000000321,Jan van den Steenweg
000000000168,Jan van der Aa
000000001115,Janneke Abelmont
000000000304,Janneke Elsevier
000000001127,Janneke Smalbeens
000000001118,Jannetje Abelmont
000000000108,Jannetje Basin
000000000752,Jannetje Christiaans
000000000993,Jannetje Fleur
000000000924,Jannetje Greijs
000000000726,Jannetje Groeneschey. K
000000001009,Jannetje Huygens
000000000220,Jannetje Jans de Hoiers
000000000098,Jannetje Joosten
000000000886,Jannetje Marlier
000000001277,Jannetje Massaar
000000000938,Jannetje Passchiers
000000000556,Jannetje Staverinus
000000001117,Jannetje Thonis
000000000847,Jannetje Thonis van Stienevelt
000000001134,Jannetje de Linde
000000000013,Jannetje de Wever
000000000550,Jannetje van der Speck
000000000467,Jaques Bast
000000000305,Jaques Chouet
000000000301,Jasper Centen
000000001254,Jasper van der Vloet
000000000926,Jean Alexandre de la Font
000000000272,Jean Caesar
000000000071,Jean Martin
000000001102,Jean du Val
000000000285,Jean le Carpentier
000000000946,Jean le Franois
000000000861,Jeanne Babut
000000000930,Jeanne Boeb
000000000565,Jeanne de Vos
000000000942,Jeanne du Pr
000000001210,Jeremias Villiers
000000000596,Jesaias Boucher L
000000001176,Joannes Vernave
000000000481,Jochem Jacobsz Poereep
000000001197,Joh. Benedictus van Heus
000000000559,Joh. du Vivi
000000000855,Johan Adam Bretschneider
000000000650,Johan Platteel
000000000972,Johan Schmidt
000000000691,Johan Schryner
000000000005,Johan van Waalwijck
000000000693,Johan van den Bree
000000000573,Johanna
000000001267,Johanna Ackersdijck
000000001213,Johanna Bijaart
000000000776,Johanna Bouwman
000000000140,Johanna Buykman
000000000409,Johanna Crama
000000000591,Johanna Deetrie
000000000592,Johanna Jacoba Romijn
000000000608,Johanna Jonas van der Zee
000000000621,Johanna Kuper
000000000563,Johanna Lopez de Haro
000000000580,Johanna Petronella Maizonnet
000000000128,Johanna Springvliet
000000001223,Johanna Weeninck
000000000918,Johanna van Coninxloo
000000000607,Johanna van Swanenburg
000000000002,Johanna van der Linden
000000001153,Johannes
000000000229,Johannes Ambrullaert
000000000460,Johannes Bartholomeus
000000000687,Johannes Bekooy
000000001238,Johannes Bilderbeek
000000000196,Johannes Bos
000000000849,Johannes Breeckvelt
000000000859,Johannes Brill
000000000312,Johannes Cijfveer
000000000703,Johannes Claesz Borsch
000000000396,Johannes Cool
000000000148,Johannes Cornelisz Cornelisz van der Woerdanus
000000000895,Johannes Cornelisz van Hogeveen
000000000225,Johannes Elsevier
000000000549,Johannes Fransz Beyert
000000001024,Johannes Georgius Nisselius
000000001205,Johannes Goudfrooy
000000000191,Johannes Hasebroek
000000000806,Johannes Heymans
000000000773,Johannes Hoefnagel
000000000020,Johannes I Wagens
000000000529,Johannes I van den Bergh
000000001052,Johannes II ELSEVIER
000000000531,Johannes II van den Bergh
000000000452,Johannes Jan Zachariasz Baron
000000000236,Johannes Johannes Ambrullaert
000000000743,Johannes Kips
000000000174,Johannes Lemair
000000000502,Johannes Muilaer
000000000595,Johannes Pecht L
000000000745,Johannes Samperman
000000000117,Johannes Seuters
000000000180,Johannes Seutert
000000000457,Johannes Simmer
000000000790,Johannes Somerwil
000000001097,Johannes Uyttenbogaard
000000001133,Johannes Verbeek
000000001144,Johannes Verbessel
000000001177,Johannes Verrejager
000000000164,Johannes Verruwert
000000001275,Johannes Voorn
000000000026,Johannes Wagens sr
000000000739,Johannes Willemsz
000000000315,Johannes Zilverschoon
000000000539,Johannes de Beunje
000000000385,Johannes de Vinck
000000001276,Johannes de Vos
000000001282,Johannes de Vriendt
000000000107,Johannes de Winter
000000000413,Johannes de la Croy
000000000028,Johannes du Vivi
000000000881,Johannes du Vivie*
000000000025,Johannes jr Wagens
000000000250,Johannes le Mair
000000000187,Johannes van Abkoude
000000000555,Johannes van Bilderbeek
000000000562,Johannes van Binnevest
000000000662,Johannes van Herkhuisen
000000000786,Johannes van Venendael
000000000751,Johannes van der Brugge
000000000070,Johannes van der Eycken
000000001249,Johannes van der Laan
000000000545,Johannes van der Linden
000000000574,Johannes van der Spijck
000000001204,Johannes van der Tent
000000001212,Johannes van der Vin
000000001266,Johannes van der Voorde
000000000290,Joost Casier
000000001090,Joost Elzevier
000000000216,Joost Jansz Aersdael
000000000377,Joost Jorisz van Colster
000000000609,Joost Schouten
000000000405,Joris Cornelisz
000000000909,Joris Farquhar
000000001010,Joris Gerritsz Nachtegael
000000000378,Joris Joostensz van Colster
000000000078,Joris Willeboortsz
000000001195,Josephus Thijssens
000000001013,Josephus van der Nave
000000001039,Josias Lucas van Vuyren
000000000424,Josijntje van Doorn
000000000948,Josina Carels
000000000738,Josu de Fenne
000000000897,Josua van Burchoorn
000000000208,Joucke Adriaensz
000000000362,Judic Pauls
000000000267,Judith Frans
000000000696,Juliaen Flory Borikan
000000000509,Jurjen Becker
000000000112,Jurriaan Wishoff
000000000977,Jurriaan van Oosten
000000001280,Justinus Vrebing
000000001000,Karel Ouwenbroek
000000000799,Klaas de Mare
000000000627,Klaas van der Gaag
000000000673,Klaas van der Kamp
000000000666,Kornelis Bleskens
000000001019,Kornelis Nicolai
000000000661,Kornelis Zilverschoon
000000001221,Krijn Visser
000000001085,Lambert Claesz van Tethrode
000000000660,Lambert Lagas
000000000137,Lambertus Wisman
000000001038,Lambrecht Claesz. van Tethrode
000000000099,Lammert Willemsz
000000000421,Laurens Lubkeris
000000000547,Leendert Adryaensz de Beunje
000000000585,Leendert van den Bogaert
000000000394,Leo Constantinus
000000001020,Leonardus Niestus
000000000050,Levina Westerbaan
000000000143,Lijntje van Nas
000000000067,Lijsbeth Ardiers
000000001113,Lijsbeth Daniels
000000000477,Lijsbeth Roelen
000000001108,Lijsbeth Schouten
000000000275,Lijsbeth Strang
000000000333,Lijsje du Pon
000000001063,Louis Elsevier
000000001087,Louis I Elsevier
000000001086,Louis II Elsevier
000000001089,Louis III Elsevier
000000001083,Loys I Elsevier
000000000491,Lucas Bazijk
000000000967,Lucas der Miere
000000000001,Lucas van Vuyren
000000001233,Luchtmans
000000000864,Lucretia Brinkman
000000000852,Ludolf Breeckevelt
000000000850,Ludolf Breeckvelt
000000001017,Lydya Jans de Clerck
000000000489,Lysbeth Bastick
000000001164,Lysbeth Jans
000000000522,Lysbeth Jaspers van Goch
000000001215,Lysbeth Thobyas van der Vinck
000000000473,M Bastiaensz
000000001119,Maaijke Gijs
000000000058,Maartje Andries
000000000359,Maartje Huygen Braszen
000000000705,Machteld Michiels van Middelhoven
000000000306,Madeleine Raboutteau
000000000616,Maerten Boon
000000000417,Maerten Glaudensz
000000000029,Maerten Jansz Wanna
000000001208,Maerten van den Vijver
000000000100,Maertje Andries
000000000630,Maertje Christiaens
000000000499,Maertje Warnaerts van den Brouck
000000001121,Maeycken Friers
000000000931,Magdalena Rivire
000000000080,Magdalena Willems
000000000425,Magdalena van der Boxe
000000000956,Magriete Burchmans
000000000710,Margareta Dingbergen
000000001169,Margaretha Hendricx Hartoochs
000000000287,Margaretha Houcke
000000001183,Margaretha Jans Rovers
000000000724,Margarethe Aarningh
000000000373,Margarita Assuerus van der Geest
000000001260,Margarita du Moulin
000000001091,Margarita van der Woert
000000000998,Margrieta de Bie
000000001126,Margriete Setings
000000000566,Margriete du Hameel
000000000049,Margrita Grimmerius
000000000982,Maria
000000000631,Maria Abrahams van Velsen
000000000139,Maria Arents van Hees
000000000177,Maria Badde
000000000129,Maria Boon
000000000959,Maria Burghoorn
000000000077,Maria Cortijn
000000000170,Maria Croesen
000000001224,Maria Geertuida Langerak
000000001258,Maria Hendrina van Raatsvelt
000000000873,Maria Jans Schenkel
000000000633,Maria Kettenes
000000000635,Maria Kettenis
000000000169,Maria Knoop
000000001094,Maria Ludolffs van Ceulen
000000001287,Maria Marynus
000000000714,Maria Moriaenshooft
000000001023,Maria Nicolson
000000000252,Maria Rauset
000000000486,Maria Rutgers
000000000877,Maria Seruys
000000000568,Maria Verburg
000000000214,Maria Vergijs
000000001053,Maria Vermeulen
000000000443,Maria Vloetbergen
000000001194,Maria Vriends
000000000541,Maria de Beunje
000000001235,Maria du Pre
000000000036,Maria la Gas
000000000528,Maria van Bentschop
000000000190,Maria van Damme
000000000878,Maria van der Kaamer
000000001289,Marijtje Gerrits
000000001001,Marijtje Priester
000000000756,Maritje Adriaens
000000000415,Maritje Christoffels van Anckerneys
000000001116,Maritje Claas
000000000757,Maritje Pieters
000000000320,Martinus Koolen
000000000682,Martinus Maas
000000000769,Martinus? van der Marck
000000000697,Mary Damiens
000000000063,Marya Heyndricx
000000001167,Marya de Bert
000000000348,Marytje Aelbrechts
000000000217,Marytje Hendricx
000000000435,Marytje Jacobs
000000000052,Marytje Jacobs van der Wiele
000000000431,Marytje Joosten van Dorp
000000000459,Marytje Willems
000000000454,Marytje/Maria Harmens van Woerden
000000000670,Matheus Andries
000000000423,Mathijs Baecke
000000001073,Mathijs Elsevier
000000000062,Mathijs Jacobsz van der Wiele
000000000870,Mathijs Maas
000000000834,Matthijs Baecke
000000000839,Matthijs Braamhorst
000000001045,Matthijs Elsevier
000000001255,Matthijs van der Vloet
000000000542,Maurits Meijer L
000000000090,Maurits Willeke
000000000209,Maycken Baecken
000000001084,Mayke Duverdijn
000000001190,Mayke van Bocxtael
000000000933,Meijndert Huijbert Fonteijn
000000000772,Meinart Huibertsz Fontein
000000000680,Meindert Huibert Fontein
000000000322,Melchior Wirth
000000000311,Metje Dircxs van Franken
000000001269,Meyndert Jacobsz Voorn
000000000303,Michiel Mathijsz Chimaer
000000000121,Moses Cijfveer
000000000407,Moses Cornilje
000000000326,Moses I Cijfveer
000000000327,Moses II Cijfveer
000000000328,Mozes Cijfveer
000000000331,Mozes Johannesz Cijfveer
000000000388,Neeltje Bouwers
000000000527,Neeltje Dircx Koene
000000001027,Neeltje Dircx Noyee
000000000200,Neeltje Dirx van Banheyningen
000000000064,Neeltje Leenderts
000000000934,Neeltje van Lith
000000000299,Neeltje van Noort
000000001193,Neysje Symons
000000001068,Niclaes Adriaensz van Redelichuysen
000000000309,Niclaes Christiaensz
000000000365,Niclaes de Clerck
000000000244,Nicolaas Anslijn
000000001078,Nicolaas Jansz
000000001092,Nicolaes Hercules
000000000795,Nicolaes Lans
000000000131,Nicolaes Moens
000000001199,Nicolaes Scholten jr
000000000072,Nicolaes Wijngaerden
000000001152,Nicolaes de Cruys
000000000601,Nicolaes van Es
000000001018,Nicolaes van Nes
000000000511,Niesje Cornelis van Duijck
000000000096,Nijesje Adriaens van Aarlanderveen
000000000983,Oosterwijck
000000001252,P Vlackerius
000000000719,Paulus Bosc
000000000277,Paulus Callenbach
000000000742,Paulus Traudenius
000000000551,Pauwel Adriaensz I Beyman
000000000429,Petronella Baers
000000000893,Petronella Joris van der Struys
000000001096,Petrus Muller
000000000783,Philip ... L
000000000835,Philip Jansz
000000001139,Philip van Edenburch
000000000614,Philippe Bonus
000000000414,Philippe de Croy
000000000602,Philippus Bonck
000000001007,Philips Bonck
000000001011,Philips Hendricksz Nachtegael
000000000718,Pierre Bos
000000000273,Pierre Caillou
000000000038,Pierre Warnaer
000000000564,Pierre le Blanc
000000001043,Pieter Abrahamsz Elzevier
000000001158,Pieter Adrianus Verduyn
000000000251,Pieter Anthony Anslijn
000000000436,Pieter Bailly
000000000466,Pieter Bast
000000000523,Pieter Berg
000000000572,Pieter Bleyswijck
000000000805,Pieter Bommesijn
000000000606,Pieter Bonte
000000000753,Pieter Boutesteyn
000000000193,Pieter Brouwer
000000000478,Pieter Carelsz
000000000266,Pieter Carelsz Arnoel
000000000295,Pieter Casier
000000000297,Pieter Cassier
000000000298,Pieter Casterop
000000000345,Pieter Claes
000000000351,Pieter Claesz
000000000440,Pieter Claesz van Balen
000000000957,Pieter Corsz Onderwaeter
000000000586,Pieter Delfos
000000000257,Pieter Delfos jr
000000000584,Pieter Dircksz Boeteman
000000000815,Pieter Drummond
000000000438,Pieter Jacobsz Bailly
000000000179,Pieter Jansz van der Aa
000000000913,Pieter Larsie
000000000142,Pieter Michielsz de Wit
000000000890,Pieter Onderwaeter
000000000448,Pieter Pietersz Poelgeest
000000000665,Pieter Romyn
000000001159,Pieter Verduyn
000000001077,Pieter Vincentsz van Heemskerck
000000001272,Pieter Warnaersz Jens
000000000042,Pieter Waterloo
000000000605,Pieter de Bonnet
000000000368,Pieter de Clopper
000000000782,Pieter de Graaf
000000001273,Pieter de Graef
000000000995,Pieter de Oude
000000001216,Pieter de Vinck
000000001218,Pieter de Vink
000000001262,Pieter de Vogel
000000001156,Pieter de Wilde
000000000971,Pieter van Gogh
000000000824,Pieter van Heemskerck
000000000324,Pieter van Loon
000000001124,Pieter van Veen
000000000195,Pieter van der Eijck
000000001206,Pieter van der Eyck
000000000560,Pieter van der Meersche
000000000455,Pietertje Pieters
000000000120,Poulus Spijk
000000000883,R Buisine
000000000325,Reinier Cijfveer
000000000575,Reynier Blockhuysen
000000000829,Richard Eyr
000000000430,Rieuwert Dircxz Baert
000000000867,Rijck van den Broeck
000000000156,Robert Wood
000000001278,Roelof Jansz de Vos
000000000189,Rosetta Rijsendeeg
000000000055,Rudolph Hendrik Wetstein
000000000014,Salomon Wagenaar
000000000639,Salomon van der Spruyt
000000001227,Samuel
000000000212,Samuel Andriesz van Aerschot
000000000862,Samuel Carlier
000000000803,Samuel Cordie
000000000198,Samuel Genet
000000001110,Samuel Luchtmans
000000000253,Samuel en Johannes Luchtmans
000000000964,Sara Barbera van Wijk
000000001220,Sara Battaljee
000000000237,Sara Elyas Chept
000000000506,Sara Franssen
000000000281,Sara Heyndricx
000000000233,Sara Hospanjon
000000000238,Sara Jans Eesman
000000000427,Sara Leeman
000000001142,Sara Mostert
000000001191,Sara Willems
000000000944,Sara de Four
000000001178,Sara de Graeff
000000000532,Sara de Kort
000000000634,Sara de Wilde
000000001067,Sara van Ceulen
000000001080,Sara van Loo
000000001236,Sara van Wijngaerden
000000000787,Sebastiaan Schouten
000000000155,Sebastianus Wolzius
000000000113,Sibilla Henke
000000000125,Sibilla Schlond
000000001180,Sijbrant Verruwhert
000000000656,Simon Bonaart
000000000618,Simon Boonaart
000000001057,Simon Florisz Schouten
000000000675,Simon Groen
000000000785,Simon Schouten
000000000945,Simon le Fourbe
000000000820,Stephanus Marchant K
000000000590,Steven Bols
000000000659,Steven Pluim
000000000943,Susanna Andries
000000000603,Susanna Polet
000000001209,Susanna Roomans
000000001270,Susanna van Grotelande
000000000213,Suzanna Beijers
000000001034,Suzanna Provo
000000000172,Teunis Steeman
000000001172,Teuntje de Kam
000000000086,Theodoor Reijgers
000000001250,Theodoor van Haarlem
000000001050,Theodorus Wolders
000000000464,Thomas Basson
000000000856,Thomas Brewer
000000000358,Thomas Clapheck
000000001112,Thomas I de Vechter
000000000937,Thomas Jaspersz Fonteyn
000000001005,Thomas Koet
000000000689,Thomas Meeler de Pecker
000000001245,Thomas Mijls
000000001120,Thomas Thomasz de Vechter
000000001211,Thomas Villier
000000000797,Thomas de Largie
000000000261,Thomas van Arckel
000000000992,Thomas van Ossenberg
000000001271,Tobias Elspeet
000000000395,Tobias van Conzen
000000000199,Tomas van Acher
000000000095,Trijn Jans
000000000401,Trijntje Henricx
000000000426,Trijntje Jans
000000000613,Van Abkoude
000000001138,W. van Egge
000000001200,W.A. Keel
000000000337,W.J. Olivier
000000000658,Wardenaar de Wit
000000000685,Warn. de Wit
000000000317,Warnaar de Wit
000000000039,Warnaert
000000000060,Wheelers
000000000599,Wijnanda Palmers
000000001088,Wilhelmina Cornelis
000000000517,Wilhelmina Schrijver
000000001253,Wilhelmina Vlasvelt
000000000201,Willem Adam
000000000242,Willem Andries
000000000432,Willem Backer
000000000488,Willem Bayly
000000000340,Willem Boot
000000000779,Willem Christiaensz van der Boxe
000000000352,Willem Claesz
000000000597,Willem Fredericksz Barteld L
000000000519,Willem Govertsz de la Berbe
000000001136,Willem Korsze
000000000690,Willem Kraakman
000000000812,Willem Loudee
000000001274,Willem Spada
000000000879,Willem Teljeur
000000000079,Willem Willeboortsz
000000000884,Willem Willeboortsz van der Burch
000000000101,Willem Willemsz
000000000241,Willem van Amstel
000000000712,Willem van der Krans
000000001031,Willemijntje Elias Vlees
000000000569,Willemijntje Jans
000000000558,Willempje Hendricks
000000000437,Willempje Wolpherts
000000001105,Willemyntje van den Hoven
000000000857,William Brewster
000000000074,William Wilkinson
000000000109,Wishoff familie
000000000748,Witse Nauta
000000000706,Wopken Andries de Vries
000000000854,Wouter Brenner
000000000811,Wouter van der Sluijs
000000000076,Wybout Willaart
000000000010,Yemandt van Waermondt
000000000412,Yera Nyessens
000000000475,Zacharias Bastijn
000000000353,Zacharias Claesz
000000000453,Zacharias Jansz Baron
000000000833,Zacharias Smith
000000000504,Zeeger Jansz van Gogh*
000000000254,Zeger van Egmond
000000000503,attestatie met Adriaen Wijngaerden dat hij bij elk 2 jaar
000000000916,broers de Faye
000000000007,de huisvrouw van Waalswyk
000000001047,doop Abraham
000000001048,doop PK Isaac
000000001049,doop PK Margarita
000000000465,mogelijk Zacharias Claes
000000000245,onderwijzer Nikolaas Anslijn
000000000708,van der Borst
000000000858,weduwe Briand
000000000264,weduwe Jacob Arents
000000001261,zij hertrouwde KO  met de kleermaker Cornelis Thymansz van Geesdorp op de Langebrug
000000000600,zijn broer Jan
000000000896,zijn vader
000000000836,zijn zoon Daniel*
