INSERT INTO `PERSON` (`PID`, `firstName`, `secondName`, `lastName`, `dob`, `dod`, `pob`, `pod`, `burialPlace`, `sex`, `religion`, `profStart`, `profEnd`, `education`, `father`, `mother`) VALUES 
( '000000000001', 'Lucas','van','Vuyren','1626', NULL ,'C000000001394', NULL , NULL ,'M', NULL ,'1653', NULL , NULL , NULL , NULL  ) , 
( '000000000003', 'Isaac','de','Waal', NULL , NULL ,'C000000001394', NULL , NULL ,'M', NULL ,'1654','1660', NULL , NULL , NULL  ) , 
( '000000000005', 'Johan','van','Waalwijck', NULL , NULL ,'C000000001293', NULL , NULL ,'M','Luthers','1682','1685', NULL , NULL , NULL  ) , 
( '000000000007',  NULL ,'de huisvrouw van','Waalswyk', NULL , NULL , NULL , NULL , NULL ,'F', NULL ,'1766', NULL , NULL , NULL , NULL  ) , 
( '000000000008', 'Abraham', NULL ,'Waelpot', NULL , NULL ,'C000000001309','C000000001309', NULL ,'M', NULL ,'1660', NULL , NULL , NULL , NULL  ) , 
( '000000000010', 'Yemandt','van','Waermondt', NULL , NULL , NULL , NULL , NULL ,'M', NULL ,'1663', NULL , NULL , NULL , NULL  ) , 
( '000000000014', 'Salomon', NULL ,'Wagenaar', NULL ,'1675','C000000001394', NULL , NULL ,'M','Luthers','1656','1667', NULL , NULL , NULL  ) , 
( '000000000020', 'Johannes','I','Wagens', NULL , NULL ,'C000000001362', NULL , NULL ,'M', NULL ,'1659','1712', NULL , NULL , NULL  ) , 
( '000000000025', 'Johannes','jr','Wagens','1669', NULL ,'C000000001394', NULL , NULL ,'M', NULL , NULL , NULL , NULL ,'000000000026','000000000027' ) , 
( '000000000029', 'Maerten','Jansz','Wanna', NULL , NULL ,'C000000001394', NULL , NULL ,'M', NULL ,'1664', NULL , NULL , NULL , NULL  ) , 
( '000000000032', 'Benjamin','de','Wannemaecker','1595','1662','C000000001333','C000000001394', NULL ,'M', NULL , NULL , NULL , NULL , NULL , NULL  ) , 
( '000000000033', 'David', NULL ,'Wardenaar','1747', NULL ,'C000000001394', NULL , NULL ,'M', NULL ,'1762','1773', NULL , NULL , NULL  ) , 
( '000000000035', 'Huijbert', NULL ,'Wardenaar','1720','1798 of 1799','C000000001394', NULL , NULL ,'M', NULL , NULL , NULL , NULL , NULL ,'000000000036' ) , 
( '000000000038', 'Pierre', NULL ,'Warnaer', NULL , NULL , NULL , NULL , NULL ,'M', NULL ,'1678', NULL , NULL , NULL , NULL  ) , 
( '000000000039',  NULL , NULL ,'Warnaert', NULL , NULL , NULL , NULL , NULL ,'M', NULL ,'1589', NULL , NULL , NULL , NULL  ) , 
( '000000000040', 'Hiob', NULL ,'Warnfast', NULL , NULL , NULL , NULL , NULL ,'M', NULL ,'1595', NULL , NULL , NULL , NULL  ) , 
( '000000000041', 'Dirck','Pietersz','Waterloo','1639', NULL ,'C000000001394', NULL , NULL ,'M', NULL ,'1658','1670', NULL ,'000000000042','000000000043' ) , 
( '000000000045', 'Jacob', NULL ,'Marcusz', NULL , NULL , NULL , NULL , NULL , NULL , NULL , NULL , NULL , NULL , NULL , NULL  ) , 
( '000000000046', 'Geertruida','Johanna van','Weezel', NULL , NULL , NULL , NULL , NULL ,'F', NULL ,'1766', NULL , NULL , NULL , NULL  ) , 
( '000000000047', 'Guillaume','van de','Weege', NULL , NULL , NULL , NULL , NULL ,'M', NULL ,'1588', NULL , NULL , NULL , NULL  ) , 
( '000000000048', 'Arnold', NULL ,'Wessel', NULL , NULL ,'bremen', NULL , NULL ,'M', NULL ,'1643', NULL , NULL , NULL , NULL  ) , 
( '000000000050', 'Levina', NULL ,'Westerbaan', NULL , NULL , NULL , NULL , NULL ,'M', NULL , NULL ,'1799', NULL , NULL , NULL  ) , 
( '000000000051', 'Harman','Lucasz van','Westerhuysen','1591','1635','C000000001386', NULL ,'begr. PK 6-11','M', NULL ,'1616','1626', NULL , NULL , NULL  ) , 
( '000000000053', 'Jacob', NULL ,'Wetstein','12-12-1706','1775','C000000001387', NULL , NULL ,'F', NULL ,'1751','1759', NULL , NULL , NULL  ) , 
( '000000000055', 'Rudolph','Hendrik','Wetstein','26-2-1741', NULL ,'C000000001387', NULL , NULL ,'M', NULL ,'1775','1783', NULL ,'000000000053', NULL  ) , 
( '000000000057', 'Frederick', NULL ,'Wevel','1654', NULL , NULL , NULL , NULL ,'F', NULL ,'1677', NULL , NULL ,'000000000057','000000000058' ) , 
( '000000000060',  NULL , NULL ,'Wheelers', NULL , NULL , NULL , NULL , NULL ,'M', NULL ,'1638', NULL , NULL , NULL , NULL  ) , 
( '000000000061', 'Jacob', NULL ,'Marcus', NULL , NULL , NULL , NULL , NULL , NULL , NULL , NULL , NULL , NULL , NULL , NULL  ) , 
( '000000000062', 'Mathijs','Jacobsz','van der Wiele', NULL , NULL , NULL , NULL , NULL ,'M', NULL ,'1661', NULL , NULL , NULL , NULL  ) , 
( '000000000066', 'Adriaan','Dirixsz','Wijngaerden','1677', NULL ,'C000000001355', NULL , NULL ,'M', NULL ,'1642','1657', NULL , NULL , NULL  ) , 
( '000000000073', 'Georgius', NULL ,'Wilbrots','1558', NULL , NULL , NULL , NULL ,'M', NULL ,'1570', NULL , NULL , NULL , NULL  ) , 
( '000000000074', 'William', NULL ,'Wilkinson', NULL , NULL ,'C000000001304', NULL , NULL ,'M', NULL ,'1627', NULL , NULL , NULL , NULL  ) , 
( '000000000075', 'Andries', NULL ,'Willaart','1681', NULL ,'C000000001394', NULL , NULL ,'M', NULL ,'1708', NULL , NULL ,'000000000076', NULL  ) , 
( '000000000078', 'Joris', NULL ,'Willeboortsz','1558', NULL , NULL , NULL , NULL ,'M', NULL ,'1570', NULL , NULL , NULL , NULL  ) , 
( '000000000079', 'Willem', NULL ,'Willeboortsz', NULL , NULL , NULL , NULL , NULL ,'M', NULL ,'1579', NULL , NULL , NULL , NULL  ) , 
( '000000000081', 'Jacob', NULL ,'Willeke', NULL , NULL , NULL , NULL , NULL ,'M', NULL ,'1732','1774', NULL , NULL , NULL  ) , 
( '000000000090', 'Maurits', NULL ,'Willeke','1756', NULL ,'C000000001394', NULL , NULL ,'M', NULL ,'1784','1793', NULL ,'000000000091', NULL  ) , 
( '000000000093', 'Jan', NULL ,'Willemsz', NULL , NULL , NULL , NULL , NULL ,'M', NULL ,'1604', NULL , NULL , NULL , NULL  ) , 
( '000000000094', 'Jan', NULL ,'Williamson', NULL , NULL ,'schotland', NULL , NULL ,'M', NULL ,'1606','1615', NULL , NULL , NULL  ) , 
( '000000000097', 'Jan', NULL ,'Willemsz', NULL , NULL ,'C000000001367', NULL , NULL ,'M', NULL ,'1644', NULL , NULL , NULL , NULL  ) , 
( '000000000099', 'Lammert', NULL ,'Willemsz', NULL , NULL ,'C000000001384', NULL , NULL ,'M', NULL ,'1606','1610', NULL , NULL , NULL  ) , 
( '000000000101', 'Willem', NULL ,'Willemsz', NULL , NULL ,'C000000001394', NULL , NULL ,'M', NULL ,'1613','1622', NULL , NULL , NULL  ) , 
( '000000000103', 'Gerard', NULL ,'Wingendorp', NULL , NULL , NULL , NULL , NULL ,'M', NULL ,'1653', NULL , NULL , NULL , NULL  ) , 
( '000000000104', 'Harmanus','van','Wingendorp', NULL , NULL , NULL , NULL , NULL ,'M', NULL ,'1652', NULL , NULL , NULL , NULL  ) , 
( '000000000105', 'Eduwaert', NULL ,'Winsloo', NULL , NULL ,'londen', NULL , NULL ,'M', NULL ,'1618', NULL , NULL , NULL , NULL  ) , 
( '000000000107', 'Johannes','de','Winter', NULL , NULL , NULL , NULL , NULL ,'M', NULL ,'1671', NULL , NULL , NULL , NULL  ) , 
( '000000000109',  NULL , NULL ,'Wishoff, familie', NULL , NULL , NULL , NULL , NULL , NULL , NULL , NULL , NULL , NULL , NULL , NULL  ) , 
( '000000000110', 'Coenraad sr', NULL ,'Wishoff','14-7-1719', NULL ,'pre -7', NULL , NULL ,'M', NULL , NULL , NULL , NULL , NULL , NULL  ) , 
( '000000000111', 'Coenraad jr', NULL ,'Wishoff', NULL , NULL , NULL , NULL , NULL ,'M','Luthers','1710','1754', NULL ,'000000000112', NULL  ) , 
( '000000000123', 'George','Jacob','Wishoff','1714', NULL ,'C000000001394', NULL , NULL ,'M','Luthers','1739','1743', NULL ,'000000000124', NULL  ) , 
( '000000000112', 'Jurriaan', NULL ,'Wishoff', NULL , NULL , NULL , NULL , NULL ,'F', NULL ,'1731','1762', NULL ,'000000000127','000000000128' ) , 
( '000000000136', 'Franciscus','Frans Lambrechtsz','Wisman','1756', NULL ,'C000000001394', NULL , NULL ,'M','Katholiek of Oud-Katholiek','1777','1796', NULL ,'000000000137', NULL  ) , 
( '000000000137', 'Lambertus', NULL ,'Wisman', NULL , NULL ,'C000000001389', NULL , NULL ,'F', NULL ,'1766','1778', NULL , NULL , NULL  ) , 
( '000000000141', 'Gijsbrecht','de','Wit', NULL ,'1655','C000000001394', NULL , NULL ,'M', NULL ,'1640','1655', NULL ,'000000000142','000000000143' ) , 
( '000000000142', 'Pieter','Michielsz de','Wit','1649','1649','C000000001394', NULL , NULL ,'F', NULL ,'1615','1639', NULL , NULL , NULL  ) , 
( '000000000148', 'Johannes Cornelisz','Cornelisz','van der Woerdanus','1591', NULL ,'C000000001391', NULL , NULL ,'M', NULL ,'1622','1630', NULL , NULL , NULL  ) , 
( '000000000151', 'Hendrick','Cornelisz van','Woerden', NULL , NULL , NULL , NULL , NULL ,'M', NULL ,'1622', NULL , NULL ,'000000000152', NULL  ) , 
( '000000000153', 'Hugo','Jansz van','Woerden','1517', NULL , NULL , NULL , NULL ,'M', NULL ,'1494','1543', NULL , NULL , NULL  ) , 
( '000000000154', 'Dirck', NULL ,'Wolders','1591', NULL ,'C000000001393', NULL , NULL ,'M', NULL ,'1627', NULL , NULL , NULL , NULL  ) , 
( '000000000155', 'Sebastianus', NULL ,'Wolzius', NULL , NULL , NULL , NULL , NULL ,'M', NULL ,'1617', NULL , NULL , NULL , NULL  ) , 
( '000000000156', 'Robert', NULL ,'Wood','1615', NULL , NULL , NULL , NULL ,'M', NULL ,'1640', NULL , NULL , NULL , NULL  ) , 
( '000000000157', 'Hans', NULL ,'Woutersz', NULL ,'15-3-1621','C000000001302','C000000001394', NULL ,'M', NULL ,'1594','1615', NULL , NULL , NULL  ) , 
( '000000000158', 'Boudewijn','Boudewijnsz van der','Aa','1676', NULL ,'C000000001394', NULL , NULL ,'M', NULL ,'1695','1702', NULL ,'000000000159','000000000160' ) , 
( '000000000167', 'Boudewijn','Jansz van der','Aa','1692', NULL ,'C000000001394','C000000001394','PK 3/10-10-1750','M', NULL ,'1719','1736', NULL ,'000000000168','000000000169' ) , 
( '000000000173', 'Cornelis','van der','Aa','1749', NULL , NULL , NULL , NULL ,'M', NULL ,'1767', NULL , NULL , NULL , NULL  ) , 
( '000000000176', 'Hillebrand','van der','Aa','1661','1721', NULL , NULL , NULL ,'M','Luthers','1697','1717','16-7-1698 Inschrijving als caelator','000000000159','000000000160' ) , 
( '000000000179', 'Pieter','Jansz van der','Aa','1697','2-8-1751','C000000001394', NULL ,'PK 31-7/7-8-1751','M','Luthers','1719','1736', NULL ,'000000000168','000000000169' ) , 
( '000000000183', 'Christiaan','Valentijn','Albrecht', NULL , NULL , NULL , NULL , NULL ,'M', NULL ,'1774', NULL , NULL , NULL , NULL  ) , 
( '000000000184', 'Jan','Christiaan','Aalbregts', NULL , NULL , NULL , NULL , NULL ,'M', NULL ,'1766','1776', NULL , NULL , NULL  ) , 
( '000000000185', 'Dirk', NULL ,'Aangeenbrugge', NULL , NULL ,'C000000001394', NULL , NULL ,'M', NULL ,'1761', NULL , NULL , NULL , NULL  ) , 
( '000000000187', 'Johannes','van','Abkoude','1703','1761', NULL , NULL , NULL ,'M', NULL ,'1726','1745', NULL ,'000000000188','000000000189' ) , 
( '000000000199', 'Tomas','van','Acher', NULL , NULL , NULL , NULL , NULL ,'M', NULL ,'1636', NULL , NULL , NULL , NULL  ) , 
( '000000000201', 'Willem', NULL ,'Adam', NULL , NULL ,'C000000001293', NULL , NULL ,'M', NULL ,'1635', NULL , NULL , NULL , NULL  ) , 
( '000000000202', 'Jacob', NULL ,'Adriaensz','1554','1625','C000000001394', NULL ,'begr. HK 5-5','M', NULL ,'1577','1622', NULL , NULL , NULL  ) , 
( '000000000206', 'Jan', NULL ,'Adriaensz', NULL , NULL , NULL , NULL , NULL ,'M', NULL ,'1575', NULL , NULL , NULL , NULL  ) , 
( '000000000207', 'Jan','Sirlippus','Adriaensz', NULL , NULL , NULL , NULL , NULL ,'M', NULL ,'1627', NULL , NULL , NULL , NULL  ) , 
( '000000000208', 'Joucke', NULL ,'Adriaensz', NULL , NULL ,'C000000001355', NULL , NULL ,'M', NULL ,'1609', NULL , NULL , NULL , NULL  ) , 
( '000000000211', 'Ewout','Evert Samuelsz van','Aerschot', NULL , NULL ,'C000000001394', NULL , NULL ,'M', NULL ,'1666','1671', NULL ,'000000000212','000000000213' ) , 
( '000000000216', 'Joost','Jansz','Aersdael', NULL , NULL ,'C000000001295', NULL , NULL ,'M', NULL ,'1661', NULL , NULL , NULL , NULL  ) , 
( '000000000218', 'Gillis', NULL ,'Alenson','1630','1682', NULL , NULL ,'PK 10/17-10-1682','F', NULL ,'1653','1656', NULL ,'000000000218', NULL  ) , 
( '000000000221', 'Benjamin', NULL ,'Allen', NULL , NULL , NULL , NULL , NULL ,'M', NULL ,'1638', NULL , NULL , NULL , NULL  ) , 
( '000000000222', 'Harman', NULL ,'Allerts', NULL , NULL ,'C000000001387', NULL , NULL ,'M', NULL ,'1601', NULL , NULL , NULL , NULL  ) , 
( '000000000223', 'Ary','van','Alphen', NULL , NULL , NULL , NULL , NULL ,'M', NULL ,'1748', NULL , NULL , NULL , NULL  ) , 
( '000000000224', 'Eva','van','Alphen','1695','1695','C000000001394', NULL ,'begr. PKJL 26-3-1695','F', NULL ,'1661','1674', NULL , NULL , NULL  ) , 
( '000000000226', 'Jan','van','Alste jr', NULL , NULL , NULL , NULL , NULL ,'M', NULL ,'1754','1756', NULL , NULL , NULL  ) , 
( '000000000228', 'Abraham','I','Ambrullaert','1663', NULL , NULL , NULL , NULL ,'M', NULL ,'1682','1690', NULL ,'000000000229', NULL  ) , 
( '000000000232', 'Abraham','II','Ambrullaert','1699','1775', NULL , NULL ,'begr. PK tussen 21/28-1-1775','M', NULL ,'1723','1775', NULL , NULL , NULL  ) , 
( '000000000236', 'Johannes','Johannes','Ambrullaert','1636','1728','C000000001303', NULL ,'begr. 24-5 buiten Leiden','M', NULL ,'1655','1697','28-2-1680 Jan Ambrullaert Dordracenus, famulus in typopgrapheio Academico. 44', NULL , NULL  ) , 
( '000000000241', 'Willem','van','Amstel', NULL , NULL , NULL , NULL , NULL ,'M', NULL ,'1659','1667', NULL , NULL , NULL  ) , 
( '000000000242', 'Willem', NULL ,'Andries', NULL , NULL , NULL , NULL , NULL ,'M', NULL ,'1606', NULL , NULL , NULL , NULL  ) , 
( '000000000243', 'Frans', NULL ,'Andriesz', NULL , NULL ,'C000000001309', NULL , NULL ,'M', NULL ,'1655', NULL , NULL , NULL , NULL  ) , 
( '000000000244', 'Nicolaas', NULL ,'Anslijn','1755','1801', NULL , NULL , NULL ,'F', NULL ,'1776','1782', NULL ,'000000000245', NULL  ) , 
( '000000000251', 'Pieter','Anthony','Anslijn', NULL , NULL ,'C000000001394', NULL , NULL ,'M', NULL ,'1778','1783', NULL ,'000000000244', NULL  ) , 
( '000000000258', 'Abraham', NULL ,'Anthonisz', NULL , NULL , NULL , NULL , NULL ,'M', NULL ,'1614', NULL , NULL , NULL , NULL  ) , 
( '000000000259', 'Jan', NULL ,'Anthonisz', NULL , NULL , NULL , NULL , NULL ,'M', NULL ,'1664', NULL , NULL , NULL , NULL  ) , 
( '000000000261', 'Thomas','van','Arckel','1612', NULL , NULL , NULL , NULL ,'M', NULL ,'1643', NULL , NULL , NULL , NULL  ) , 
( '000000000262', 'Gerrit', NULL ,'Arentsz', NULL , NULL , NULL , NULL , NULL ,'M', NULL ,'1621', NULL , NULL , NULL , NULL  ) , 
( '000000000263', 'Jan', NULL ,'Arents', NULL , NULL , NULL , NULL , NULL ,'M', NULL ,'1627', NULL , NULL , NULL , NULL  ) , 
( '000000000264', 'weduwe','Jacob','Arents', NULL , NULL , NULL , NULL , NULL ,'F', NULL ,'1626', NULL , NULL , NULL , NULL  ) , 
( '000000000265', 'Carel','Pietersz','Arnoel', NULL , NULL , NULL , NULL , NULL ,'M', NULL ,'1694', NULL , NULL ,'000000000266', NULL  ) , 
( '000000000266', 'Pieter','Carelsz','Arnoel', NULL , NULL , NULL , NULL , NULL ,'F', NULL ,'1657','1670', NULL , NULL ,'000000000267' ) , 
( '000000000269', 'Franco', NULL ,'Aubertijn', NULL , NULL , NULL , NULL , NULL ,'M', NULL ,'1656', NULL , NULL , NULL , NULL  ) , 
( '000000000270', 'Jan', NULL ,'Cabbeljauw', NULL , NULL , NULL , NULL , NULL ,'M', NULL ,'1588', NULL , NULL , NULL , NULL  ) , 
( '000000000271', 'Jacobus', NULL ,'Cabeljauw', NULL , NULL , NULL , NULL , NULL ,'M', NULL ,'1743', NULL , NULL , NULL , NULL  ) , 
( '000000000272', 'Jean', NULL ,'Caesar','1584', NULL ,'katzenellenbogen', NULL , NULL ,'M', NULL ,'1644', NULL , NULL , NULL , NULL  ) , 
( '000000000273', 'Pierre', NULL ,'Caillou', NULL , NULL , NULL , NULL , NULL ,'M', NULL ,'1603', NULL , NULL , NULL , NULL  ) , 
( '000000000274', 'Christianus', NULL ,'Calaminus','1655', NULL , NULL , NULL , NULL ,'M', NULL ,'1632','1664', NULL , NULL , NULL  ) , 
( '000000000277', 'Paulus', NULL ,'Callenbach','1607','14-3-1652','C000000001305','C000000001362', NULL ,'M', NULL ,'1626','1633', NULL , NULL , NULL  ) , 
( '000000000280', 'Arent','Egbertsz van','Campen', NULL , NULL , NULL , NULL , NULL ,'M', NULL ,'1636', NULL , NULL , NULL , NULL  ) , 
( '000000000282', 'Jacob', NULL ,'Carpentier','1636', NULL , NULL , NULL , NULL ,'M', NULL , NULL , NULL , NULL , NULL , NULL  ) , 
( '000000000285', 'Jean','le','Carpentier', NULL , NULL , NULL , NULL , NULL ,'M', NULL ,'1663','1670', NULL , NULL , NULL  ) , 
( '000000000289', 'Jan','I','Casier', NULL , NULL ,'C000000001394', NULL , NULL ,'F', NULL ,'1655','1666', NULL ,'000000000290', NULL  ) , 
( '000000000293', 'Jan','Jan','Casier', NULL , NULL , NULL , NULL , NULL ,'M', NULL ,'1682', NULL , NULL ,'000000000289', NULL  ) , 
( '000000000295', 'Pieter', NULL ,'Casier', NULL , NULL , NULL , NULL , NULL ,'M', NULL ,'1686', NULL , NULL , NULL , NULL  ) , 
( '000000000297', 'Pieter', NULL ,'Cassier', NULL , NULL , NULL , NULL , NULL ,'M', NULL ,'1739', NULL , NULL , NULL , NULL  ) , 
( '000000000298', 'Pieter', NULL ,'Casterop', NULL , NULL ,'C000000001394', NULL , NULL ,'M', NULL ,'1739','1751', NULL , NULL , NULL  ) , 
( '000000000301', 'Jasper', NULL ,'Centen', NULL , NULL , NULL , NULL , NULL ,'M', NULL ,'1597', NULL , NULL , NULL , NULL  ) , 
( '000000000302',  NULL , NULL ,'Charel','1620', NULL , NULL , NULL , NULL ,'M', NULL , NULL , NULL , NULL , NULL , NULL  ) , 
( '000000000303', 'Michiel','Mathijsz','Chimaer', NULL , NULL ,'C000000001317', NULL , NULL ,'M', NULL ,'1600','1606', NULL , NULL , NULL  ) , 
( '000000000305', 'Jaques', NULL ,'Chouet', NULL ,'1963','C000000001318', NULL , NULL ,'M', NULL ,'1654', NULL , NULL , NULL , NULL  ) , 
( '000000000307', 'Jan', NULL ,'Christiaensz', NULL , NULL , NULL , NULL , NULL ,'M', NULL ,'1598', NULL , NULL , NULL , NULL  ) , 
( '000000000309', 'Niclaes', NULL ,'Christiaensz', NULL , NULL ,'C000000001319', NULL , NULL ,'M', NULL ,'1601','1627', NULL , NULL , NULL  ) , 
( '000000000310', 'Gijsbert','van','Cijserwaert', NULL , NULL ,'C000000001293', NULL , NULL ,'M', NULL ,'1664', NULL , NULL , NULL , NULL  ) , 
( '000000000312', 'Johannes', NULL ,'Cijfveer', NULL , NULL , NULL , NULL , NULL ,'M', NULL ,'1785','1786', NULL , NULL , NULL  ) , 
( '000000000326', 'Moses','I','Cijfveer','1709', NULL ,'C000000001394', NULL , NULL ,'M', NULL ,'1726', NULL , NULL , NULL , NULL  ) , 
( '000000000327', 'Moses','II','Cijfveer','6-11-1812', NULL ,'C000000001394', NULL , NULL ,'M', NULL , NULL , NULL , NULL ,'000000000328', NULL  ) , 
( '000000000331', 'Mozes','Johannesz','Cijfveer','1805', NULL , NULL , NULL , NULL ,'M', NULL ,'1793','1805', NULL , NULL , NULL  ) , 
( '000000000341', 'Andries', NULL ,'Claes', NULL , NULL , NULL , NULL , NULL ,'M', NULL ,'1609','1610', NULL , NULL , NULL  ) , 
( '000000000342', 'Claes', NULL ,'Claess', NULL , NULL , NULL , NULL , NULL ,'M', NULL ,'1626', NULL , NULL , NULL , NULL  ) , 
( '000000000343', 'Gabriel', NULL ,'Claes', NULL , NULL , NULL , NULL , NULL ,'M', NULL ,'1694', NULL , NULL , NULL , NULL  ) , 
( '000000000344', 'Jan','Hans','Claes', NULL , NULL , NULL , NULL , NULL ,'M', NULL ,'1615', NULL , NULL , NULL , NULL  ) , 
( '000000000345', 'Pieter', NULL ,'Claes', NULL , NULL , NULL , NULL , NULL ,'M', NULL ,'1652', NULL , NULL , NULL , NULL  ) , 
( '000000000346', 'Jan', NULL ,'Claessen', NULL , NULL , NULL , NULL , NULL ,'M', NULL ,'1651', NULL , NULL , NULL , NULL  ) , 
( '000000000347', 'Claes', NULL ,'Claesz', NULL , NULL ,'C000000001387', NULL , NULL ,'M', NULL ,'1596', NULL , NULL , NULL , NULL  ) , 
( '000000000349', 'Huybert', NULL ,'Claesz', NULL , NULL , NULL , NULL , NULL ,'M', NULL ,'1681', NULL , NULL , NULL , NULL  ) , 
( '000000000350', 'Jan', NULL ,'Claesz', NULL , NULL , NULL , NULL , NULL ,'M', NULL ,'1552','1557', NULL , NULL , NULL  ) , 
( '000000000351', 'Pieter', NULL ,'Claesz', NULL , NULL , NULL , NULL , NULL ,'M', NULL ,'1652', NULL , NULL , NULL , NULL  ) , 
( '000000000352', 'Willem', NULL ,'Claesz', NULL , NULL , NULL , NULL , NULL ,'M', NULL ,'1622', NULL , NULL , NULL , NULL  ) , 
( '000000000353', 'Zacharias', NULL ,'Claesz', NULL , NULL ,'C000000001320', NULL , NULL ,'M', NULL ,'1611','1625', NULL , NULL , NULL  ) , 
( '000000000355', 'David','le','Clair','1693', NULL , NULL , NULL , NULL ,'M', NULL ,'1718','1721', NULL , NULL , NULL  ) , 
( '000000000357', 'Elisabeth','la','Clair','1714', NULL , NULL , NULL , NULL ,'F', NULL ,'1737', NULL , NULL , NULL , NULL  ) , 
( '000000000358', 'Thomas', NULL ,'Clapheck', NULL , NULL , NULL , NULL , NULL ,'F', NULL ,'1645','1658', NULL ,'000000000358','000000000359' ) , 
( '000000000360', 'Isaak', NULL ,'Clement', NULL ,'2-8-1751', NULL , NULL , NULL ,'M', NULL ,'1751', NULL , NULL , NULL , NULL  ) , 
( '000000000361', 'Jan','de','Clerc', NULL , NULL , NULL , NULL , NULL ,'M', NULL , NULL ,'1627', NULL , NULL , NULL  ) , 
( '000000000363', 'Hendrick', NULL ,'Clerck', NULL , NULL ,'C000000001394', NULL , NULL ,'M','Luthers','1733', NULL , NULL , NULL , NULL  ) , 
( '000000000365', 'Niclaes','de','Clerck','1599', NULL , NULL , NULL , NULL ,'M', NULL ,'1599', NULL , NULL , NULL , NULL  ) , 
( '000000000366', 'Jacques', NULL ,'Cleyne','1560', NULL , NULL , NULL , NULL ,'M', NULL ,'1615','1626', NULL , NULL , NULL  ) , 
( '000000000367', 'Cornelis','Cornelisz','Clock', NULL , NULL , NULL , NULL , NULL ,'M', NULL ,'1622', NULL , NULL , NULL , NULL  ) , 
( '000000000368', 'Pieter','de','Clopper', NULL , NULL , NULL , NULL , NULL ,'M', NULL ,'1636', NULL , NULL , NULL , NULL  ) , 
( '000000000369',  NULL , NULL ,'Clouck (familie', NULL , NULL , NULL , NULL , NULL ,'M', NULL , NULL , NULL , NULL , NULL , NULL  ) , 
( '000000000370', 'Andries','Hendrickz','Clouck','1577','1641','C000000001394', NULL ,'begr. PK 29-7','M', NULL ,'1599','1637', NULL ,'000000000371', NULL  ) , 
( '000000000376', 'Hendrick','Hendricksz','Clouck', NULL , NULL , NULL , NULL , NULL ,'M', NULL ,'1621','1624', NULL , NULL , NULL  ) , 
( '000000000377', 'Joost','Jorisz van','Colster', NULL , NULL ,'C000000001394', NULL , NULL ,'M','Remonstrants','1614','1619', NULL ,'000000000378','000000000379' ) , 
( '000000000381',  NULL , NULL ,'Commelin (familie', NULL , NULL , NULL , NULL , NULL ,'M', NULL , NULL , NULL , NULL , NULL , NULL  ) , 
( '000000000283', 'Abraham', NULL ,'Commelin','1597','1654','C000000001387', NULL ,'begr. PK 7-2','M', NULL ,'1625','1654', NULL ,'000000000382','000000000383' ) , 
( '000000000387', 'Isaac', NULL ,'Commelin','19-10-1598','13-1-1676','C000000001387','C000000001387', NULL ,'M', NULL ,'1626','1641', NULL ,'000000000382','000000000383' ) , 
( '000000000389', 'Jacob', NULL ,'Commelin', NULL , NULL , NULL , NULL , NULL ,'M', NULL ,'1624', NULL , NULL ,'000000000390','000000000383' ) , 
( '000000000390', 'Jan', NULL ,'Commelin', NULL , NULL , NULL , NULL , NULL ,'F', NULL ,'1599','1615', NULL , NULL , NULL  ) , 
( '000000000392', 'Jacob', NULL ,'Coninck', NULL , NULL , NULL , NULL , NULL ,'M', NULL ,'1697', NULL , NULL , NULL , NULL  ) , 
( '000000000394', 'Leo', NULL ,'Constantinus', NULL , NULL , NULL , NULL , NULL ,'M', NULL ,'1589','1596', NULL , NULL , NULL  ) , 
( '000000000395', 'Tobias','van','Conzen', NULL , NULL , NULL , NULL , NULL ,'M', NULL ,'1667', NULL , NULL , NULL , NULL  ) , 
( '000000000396', 'Johannes', NULL ,'Cool', NULL , NULL , NULL , NULL , NULL ,'M', NULL ,'1651','1657', NULL , NULL , NULL  ) , 
( '000000000398', 'Bartholomeus','de la','Coor', NULL , NULL , NULL , NULL , NULL ,'M', NULL ,'1673', NULL , NULL , NULL , NULL  ) , 
( '000000000399', 'Hendrick','van','Cosen', NULL , NULL ,'C000000001302', NULL , NULL ,'M', NULL ,'1588','1601', NULL , NULL , NULL  ) , 
( '000000000400', 'Cornelis', NULL ,'Cornelisz', NULL , NULL ,'C000000001394', NULL , NULL ,'M', NULL ,'1611', NULL , NULL , NULL , NULL  ) , 
( '000000000402', 'Frederick', NULL ,'Cornelisz', NULL , NULL , NULL , NULL , NULL ,'M', NULL ,'1621', NULL , NULL , NULL , NULL  ) , 
( '000000000404', 'Jan', NULL ,'Cornelisz', NULL , NULL , NULL , NULL , NULL ,'M', NULL ,'1672', NULL , NULL , NULL , NULL  ) , 
( '000000000405', 'Joris', NULL ,'Cornelisz', NULL , NULL , NULL , NULL , NULL ,'M', NULL ,'1628','1630', NULL , NULL , NULL  ) , 
( '000000000407', 'Moses', NULL ,'Cornilje', NULL , NULL , NULL , NULL , NULL ,'M', NULL ,'1729', NULL , NULL , NULL , NULL  ) , 
( '000000000408', 'Anthoine', NULL ,'Cossaert', NULL , NULL , NULL , NULL , NULL ,'M', NULL ,'1649', NULL , NULL , NULL , NULL  ) , 
( '000000000409', 'Johanna', NULL ,'Crama', NULL , NULL , NULL , NULL , NULL ,'F', NULL ,'1766','1792', NULL , NULL , NULL  ) , 
( '000000000410', 'Henricus', NULL ,'Critel', NULL , NULL , NULL , NULL , NULL ,'M', NULL ,'1633', NULL , NULL , NULL , NULL  ) , 
( '000000000411', 'Jacob', NULL ,'Croonder', NULL , NULL ,'C000000001321', NULL , NULL ,'M', NULL ,'1616', NULL , NULL , NULL , NULL  ) , 
( '000000000413', 'Johannes','de la','Croy', NULL , NULL , NULL , NULL , NULL ,'M', NULL ,'1589', NULL , NULL , NULL , NULL  ) , 
( '000000000414', 'Philippe','de','Croy', NULL , NULL ,'C000000001310', NULL ,'begr. in HK','M', NULL ,'1644','1682', NULL , NULL , NULL  ) , 
( '000000000422', 'Jan', NULL ,'Crynen', NULL , NULL ,'C000000001394', NULL , NULL ,'M', NULL ,'1620', NULL , NULL , NULL , NULL  ) , 
( '000000000423', 'Mathijs', NULL ,'Baecke','1612', NULL ,'C000000001394', NULL , NULL ,'F', NULL ,'1635','1637', NULL ,'000000000423','000000000424' ) , 
( '000000000428', 'Jan', NULL ,'Baers', NULL , NULL , NULL , NULL , NULL ,'M', NULL ,'1596', NULL , NULL , NULL , NULL  ) , 
( '000000000429', 'Petronella', NULL ,'Baers', NULL , NULL , NULL , NULL , NULL ,'F', NULL ,'1766', NULL , NULL , NULL , NULL  ) , 
( '000000000430', 'Rieuwert','Dircxz','Baert', NULL , NULL ,'C000000001384', NULL , NULL ,'M', NULL ,'1633', NULL , NULL , NULL , NULL  ) , 
( '000000000432', 'Willem', NULL ,'Backer', NULL , NULL ,'C000000001387', NULL , NULL ,'M', NULL ,'1679', NULL , NULL , NULL , NULL  ) , 
( '000000000434', 'Christoffel','Jansz','Bailliu', NULL , NULL ,'C000000001302', NULL , NULL ,'M', NULL ,'1604', NULL , NULL , NULL , NULL  ) , 
( '000000000436', 'Pieter', NULL ,'Bailly','1554','1604','C000000001302', NULL , NULL ,'M', NULL ,'1577','1602', NULL , NULL , NULL  ) , 
( '000000000438', 'Pieter','Jacobsz','Bailly', NULL , NULL ,'C000000001394', NULL , NULL ,'M', NULL ,'1636', NULL , NULL , NULL , NULL  ) , 
( '000000000440', 'Pieter','Claesz van','Balen','1571', NULL , NULL , NULL , NULL ,'M', NULL ,'1534','1539', NULL , NULL , NULL  ) , 
( '000000000442', 'Cornelis', NULL ,'Balji', NULL , NULL ,'C000000001394', NULL , NULL ,'M', NULL ,'1740', NULL , NULL , NULL , NULL  ) , 
( '000000000444', 'Cornelis','Pietersz van','Banheyning','1658', NULL , NULL , NULL ,'begr. HK 29-4-1658','M', NULL ,'1643','1657', NULL , NULL , NULL  ) , 
( '000000000450', 'Gerard', NULL ,'Bardeloos', NULL , NULL , NULL , NULL , NULL ,'M', NULL ,'1632', NULL , NULL , NULL , NULL  ) , 
( '000000000452', 'Johannes','Jan Zachariasz','Baron','1624','1669','C000000001394', NULL ,'begr. 2-2-1669','M', NULL ,'1650','1662', NULL ,'000000000453', NULL  ) , 
( '000000000453', 'Zacharias','Jansz','Baron','1600', NULL ,'C000000001394', NULL , NULL ,'F', NULL ,'1620','1626', NULL , NULL , NULL  ) , 
( '000000000460', 'Johannes', NULL ,'Bartholomeus', NULL , NULL ,'C000000001384', NULL , NULL ,'M', NULL ,'1782', NULL , NULL , NULL , NULL  ) , 
( '000000000461', 'Hendrick', NULL ,'Bary','1640','1707','C000000001295','C000000001295', NULL ,'M', NULL , NULL , NULL , NULL , NULL , NULL  ) , 
( '000000000462', 'Govert', NULL ,'Basson','1630', NULL ,'C000000001387', NULL , NULL ,'M', NULL ,'1612','1630','6-2-1628 Godefridus Basson Leidensis. 46, Bibliopola', NULL , NULL  ) , 
( '000000000464', 'Thomas', NULL ,'Basson','1555','1614','C000000001301', NULL , NULL ,'M', NULL ,'1584','1612','5-4-1595 Thomas Basson Anglus, typographus et', NULL , NULL  ) , 
( '000000000466', 'Pieter', NULL ,'Bast','1605', NULL ,'C000000001302', NULL ,'begraven PK 17-3-1605','M', NULL ,'1601','1605', NULL ,'000000000467','000000000468' ) , 
( '000000000473', 'M', NULL ,'Bastiaensz', NULL , NULL , NULL , NULL , NULL ,'M', NULL ,'1614','1616', NULL , NULL , NULL  ) , 
( '000000000474', 'Frans', NULL ,'Bastijn', NULL ,'14-6-1654', NULL ,'C000000001394','begr. HK 17-6-1654','M', NULL ,'1636','1654', NULL ,'000000000475', NULL  ) , 
( '000000000484', 'C', NULL ,'Baudin', NULL , NULL , NULL , NULL , NULL ,'M', NULL ,'1570', NULL , NULL , NULL , NULL  ) , 
( '000000000485', 'Abraham', NULL ,'Bax', NULL , NULL ,'C000000001303', NULL , NULL ,'M', NULL ,'1674', NULL , NULL , NULL ,'000000000486' ) , 
( '000000000488', 'Willem', NULL ,'Bayly', NULL , NULL ,'C000000001304', NULL , NULL ,'M', NULL ,'1613','1614', NULL , NULL , NULL  ) , 
( '000000000491', 'Lucas', NULL ,'Bazijk', NULL , NULL , NULL , NULL , NULL ,'M', NULL ,'1723','1731', NULL ,'000000000492', NULL  ) , 
( '000000000496', 'Jacques','Joseph de','Beaufort', NULL , NULL , NULL , NULL , NULL ,'M', NULL ,'1782','1792', NULL , NULL , NULL  ) , 
( '000000000497', 'Isaac','de','Beauvois','1623', NULL ,'C000000001394', NULL , NULL ,'M', NULL ,'1642','1658', NULL ,'000000000498', NULL  ) , 
( '000000000505', 'Jan','Jansz van','Bebberen', NULL , NULL ,'C000000001394', NULL , NULL ,'M', NULL ,'1639','1645', NULL , NULL , NULL  ) , 
( '000000000507', 'Hendrick','Harmensz','Beckbergen', NULL , NULL , NULL , NULL , NULL ,'M', NULL ,'1654','1663', NULL , NULL , NULL  ) , 
( '000000000509', 'Jurjen', NULL ,'Becker', NULL , NULL ,'C000000001305', NULL , NULL ,'M', NULL ,'1613', NULL , NULL , NULL , NULL  ) , 
( '000000000510', 'Jacobus', NULL ,'Beecke', NULL , NULL , NULL , NULL , NULL ,'M', NULL ,'1627','1637', NULL , NULL ,'000000000511' ) , 
( '000000000513', 'Isaac','de','Beer', NULL , NULL ,'C000000001306', NULL , NULL ,'M', NULL ,'1619','1621', NULL , NULL , NULL  ) , 
( '000000000515', 'J','van','Bems', NULL , NULL , NULL , NULL , NULL ,'M', NULL ,'1665', NULL , NULL , NULL , NULL  ) , 
( '000000000516', 'Abraham','van','Benthem', NULL , NULL , NULL , NULL , NULL ,'M', NULL ,'1809', NULL , NULL , NULL , NULL  ) , 
( '000000000519', 'Willem','Govertsz de la','Berbe', NULL , NULL ,'C000000001385', NULL , NULL ,'M', NULL ,'1612', NULL , NULL , NULL , NULL  ) , 
( '000000000521', 'Casper', NULL ,'Bercau', NULL , NULL ,'C000000001308', NULL , NULL ,'M', NULL ,'1603','1611', NULL , NULL , NULL  ) , 
( '000000000523', 'Pieter', NULL ,'Berg', NULL , NULL ,'C000000001387', NULL , NULL ,'M', NULL ,'1792', NULL , NULL , NULL , NULL  ) , 
( '000000000525', 'Jacobus','van den','Berg', NULL , NULL , NULL , NULL , NULL ,'M', NULL ,'1798', NULL , NULL , NULL , NULL  ) , 
( '000000000526', 'Huybert','van den','Bergh', NULL , NULL , NULL , NULL , NULL ,'M', NULL ,'1672','1690', NULL , NULL , NULL  ) , 
( '000000000529', 'Johannes','I van den','Bergh','25-9-1687', NULL , NULL , NULL , NULL ,'M', NULL ,'1686', NULL , NULL , NULL , NULL  ) , 
( '000000000531', 'Johannes','II van den','Bergh', NULL , NULL , NULL , NULL , NULL ,'M', NULL ,'1703', NULL , NULL , NULL , NULL  ) , 
( '000000000533', 'Jan', NULL ,'Bergier', NULL , NULL , NULL , NULL , NULL ,'M', NULL ,'1769', NULL , NULL , NULL , NULL  ) , 
( '000000000534', 'Jacobus','le','Beuf', NULL , NULL , NULL , NULL , NULL ,'M', NULL , NULL , NULL , NULL , NULL , NULL  ) , 
( '000000000535', 'Gheleyn', NULL ,'Beunghe', NULL , NULL , NULL , NULL , NULL ,'M', NULL ,'1651', NULL , NULL , NULL , NULL  ) , 
( '000000000538', 'Jacob','de','Beunje','1712','4-3-1765','C000000001394', NULL , NULL ,'M', NULL ,'1737','1762', NULL ,'000000000539', NULL  ) , 
( '000000000547', 'Leendert','Adryaensz de','Beunje', NULL , NULL ,'C000000001394', NULL , NULL ,'M', NULL ,'1654', NULL , NULL , NULL , NULL  ) , 
( '000000000549', 'Johannes','Fransz','Beyert', NULL , NULL , NULL , NULL , NULL ,'M', NULL ,'1662', NULL , NULL , NULL , NULL  ) , 
( '000000000551', 'Pauwel','Adriaensz I','Beyman', NULL ,'1622','C000000001309','C000000001394', NULL ,'M', NULL ,'1585', NULL , NULL , NULL , NULL  ) , 
( '000000000553', 'Claes','Claesz','Biestkens', NULL , NULL ,'C000000001387', NULL , NULL ,'M', NULL ,'1596', NULL , NULL , NULL , NULL  ) , 
( '000000000554', 'Anna', NULL ,'Bijl', NULL , NULL , NULL , NULL , NULL ,'F', NULL ,'1687', NULL , NULL , NULL , NULL  ) , 
( '000000000555', 'Johannes','van','Bilderbeek','1651', NULL , NULL , NULL , NULL ,'M', NULL ,'1684','1700', NULL , NULL ,'000000000556' ) , 
( '000000000561', 'Bartholomeus', NULL ,'van der Bildt','1593', NULL , NULL , NULL , NULL ,'M', NULL ,'1619','1628', NULL , NULL , NULL  ) , 
( '000000000562', 'Johannes','van','Binnevest', NULL , NULL , NULL , NULL , NULL ,'M', NULL ,'1694','1695', NULL , NULL , NULL  ) , 
( '000000000564', 'Pierre','le','Blanc', NULL , NULL , NULL , NULL , NULL ,'M', NULL ,'1625', NULL , NULL , NULL ,'000000000565' ) , 
( '000000000567', 'Jan','Willems','Blauwbeeck', NULL , NULL ,'C000000001387', NULL , NULL ,'M', NULL ,'1701','1703', NULL , NULL , NULL  ) , 
( '000000000570', 'Bartholomaeus','du','Bl√©', NULL , NULL , NULL , NULL , NULL ,'M', NULL ,'1737', NULL , NULL , NULL , NULL  ) , 
( '000000000571', 'Frans','van','Bleyswyck','1680', NULL ,'C000000001394', NULL , NULL ,'M', NULL ,'1705', NULL ,'2-10-1705 Franciscus Bleiswijck Lugduno-Batavus','000000000572', NULL  ) , 
( '000000000575', 'Reynier', NULL ,'Blockhuysen', NULL , NULL ,'C000000001387', NULL , NULL ,'M', NULL ,'1709','1724', NULL , NULL , NULL  ) , 
( '000000000577', 'Frans en Pieter', NULL ,'Blommendael', NULL , NULL , NULL , NULL , NULL ,'M', NULL ,'1668', NULL , NULL , NULL , NULL  ) , 
( '000000000578', 'Abraham','jr','Bluss','8-10-1772','3-12-1850','C000000001303','C000000001394', NULL ,'M', NULL ,'1798','1804', NULL ,'000000000579', NULL  ) , 
( '000000000581', 'Hendrik', NULL ,'Bodoverden', NULL , NULL , NULL , NULL , NULL ,'M', NULL ,'1603', NULL , NULL , NULL , NULL  ) , 
( '000000000582', 'Jacob', NULL ,'Boels', NULL , NULL , NULL , NULL , NULL ,'M', NULL ,'1631','1649', NULL , NULL , NULL  ) , 
( '000000000583', 'Andries', NULL ,'Boesche', NULL , NULL , NULL , NULL , NULL ,'M', NULL ,'1779', NULL , NULL , NULL , NULL  ) , 
( '000000000584', 'Pieter','Dircksz','Boeteman', NULL , NULL , NULL , NULL , NULL ,'M', NULL , NULL , NULL , NULL , NULL , NULL  ) , 
( '000000000585', 'Leendert','van den','Bogaert', NULL , NULL , NULL , NULL , NULL ,'M', NULL ,'1774', NULL , NULL , NULL , NULL  ) , 
( '000000000587', 'Cornelis', NULL ,'Boissens', NULL , NULL , NULL , NULL , NULL ,'M', NULL ,'1617','1635', NULL , NULL , NULL  ) , 
( '000000000589', 'Daniel', NULL ,'Bols','1756', NULL ,'C000000001394', NULL , NULL ,'M','Waals','1774','1803', NULL ,'000000000590','000000000591' ) , 
( '000000000598', 'Dirck','Mathijsz van','Bom', NULL , NULL ,'C000000001310', NULL , NULL ,'M', NULL ,'1658','1662', NULL , NULL , NULL  ) , 
( '000000000602', 'Philippus', NULL ,'Bonck', NULL , NULL ,'C000000001392','C000000001394', NULL ,'M', NULL , NULL , NULL , NULL , NULL , NULL  ) , 
( '000000000604', 'Jan','de','Bonje', NULL , NULL , NULL , NULL , NULL ,'M', NULL ,'1691', NULL , NULL , NULL , NULL  ) , 
( '000000000605', 'Pieter de', NULL ,'Bonnet', NULL , NULL ,'ieperen', NULL , NULL ,'M', NULL ,'1616', NULL , NULL , NULL , NULL  ) , 
( '000000000192', 'Adrianus', NULL ,'Bonte', NULL , NULL , NULL , NULL , NULL ,'M', NULL ,'1730','1770', NULL ,'000000000606','000000000607' ) , 
( '000000000614', 'Philippe', NULL ,'Bonus', NULL , NULL , NULL , NULL , NULL ,'M', NULL ,'1679', NULL , NULL , NULL , NULL  ) , 
( '000000000615', 'Jan', NULL ,'Boon', NULL , NULL ,'C000000001394', NULL , NULL ,'M', NULL ,'1707', NULL , NULL ,'000000000616', NULL  ) , 
( '000000000618', 'Simon', NULL ,'Boonaart', NULL , NULL , NULL , NULL , NULL ,'M', NULL ,'1737','1760', NULL ,'000000000619', NULL  ) , 
( '000000000628', 'Christiaen','Jacobsz van der','Boot', NULL , NULL ,'C000000001394', NULL , NULL ,'M', NULL ,'1660','1661', NULL ,'000000000629','000000000630' ) , 
( '000000000632', 'Gijsbert', NULL ,'Boot','1757', NULL ,'C000000001394', NULL , NULL ,'M', NULL ,'1783','1786', NULL ,'000000000340','000000000633' ) , 
( '000000000340', 'Willem', NULL ,'Boot','1779','1778','haarlem', NULL ,'begr. 18-11-1778 buiten Leiden','F', NULL ,'1742','1778', NULL , NULL ,'000000000634' ) , 
( '000000000695',  NULL , NULL ,'Borgen', NULL , NULL , NULL , NULL , NULL ,'M', NULL ,'1785', NULL , NULL , NULL , NULL  ) , 
( '000000000696', 'Juliaen','Flory','Borikan', NULL , NULL ,'C000000001311', NULL , NULL ,'M', NULL ,'1638', NULL , NULL , NULL , NULL  ) , 
( '000000000684', 'Dirk', NULL ,'Borneviel', NULL , NULL , NULL , NULL , NULL ,'M', NULL ,'1779','1791', NULL ,'000000000698', NULL  ) , 
( '000000000700', 'Jan','Janszoon','Bors', NULL , NULL , NULL , NULL , NULL ,'M', NULL ,'1617', NULL , NULL , NULL , NULL  ) , 
( '000000000703', 'Johannes','Claesz','Borsch', NULL , NULL , NULL , NULL , NULL ,'M', NULL ,'1643','1646','23-8-1638 Johannes Bors Lugduno-Batavus. 23. J. Cand','000000000704','000000000705' ) , 
( '000000000707', 'Anthon','van','Borselen', NULL , NULL , NULL , NULL , NULL ,'M', NULL ,'1685', NULL , NULL , NULL , NULL  ) , 
( '000000000708',  NULL ,'van der','Borst', NULL , NULL , NULL , NULL , NULL ,'M', NULL ,'1726', NULL , NULL , NULL , NULL  ) , 
( '000000000709', 'Bartholomeus', NULL ,'Bos', NULL , NULL , NULL , NULL , NULL ,'M', NULL ,'1696', NULL , NULL , NULL , NULL  ) , 
( '000000000713', 'Jacobus', NULL ,'Bos', NULL , NULL ,'C000000001312', NULL , NULL ,'M', NULL ,'1696', NULL , NULL , NULL , NULL  ) , 
( '000000000196', 'Johannes', NULL ,'Bos', NULL , NULL , NULL , NULL , NULL ,'M', NULL ,'1746','1771', NULL , NULL ,'000000000715' ) , 
( '000000000718', 'Pierre', NULL ,'Bos', NULL , NULL , NULL , NULL , NULL ,'M', NULL ,'1771', NULL , NULL , NULL , NULL  ) , 
( '000000000721', 'Arrigo','de','Bosco', NULL , NULL , NULL , NULL , NULL ,'M', NULL ,'1588','1589', NULL , NULL , NULL  ) , 
( '000000000722', 'Ary', NULL ,'Bosman', NULL , NULL , NULL , NULL , NULL ,'M', NULL ,'1711', NULL , NULL , NULL , NULL  ) , 
( '000000000723', 'Jacob', NULL ,'Bosschieter', NULL , NULL , NULL , NULL , NULL ,'M', NULL ,'1711', NULL , NULL , NULL , NULL  ) , 
( '000000000725', 'Andries', NULL ,'Boucher','1833','1833', NULL , NULL , NULL ,'M', NULL ,'1779','1805', NULL , NULL , NULL  ) , 
( '000000000732', 'Antoine', NULL ,'Bouily', NULL , NULL , NULL , NULL , NULL ,'M','Katholiek of Oud-Katholiek','1667','1675', NULL , NULL , NULL  ) , 
( '000000000733', 'Jacques', NULL ,'Boulet', NULL , NULL , NULL , NULL , NULL ,'M', NULL ,'1578', NULL , NULL , NULL , NULL  ) , 
( '000000000734', 'Claudius', NULL ,'Bourgeat', NULL , NULL , NULL , NULL , NULL ,'M', NULL ,'1659', NULL , NULL , NULL , NULL  ) , 
( '000000000735', 'Cornelis', NULL ,'Boutesteyn','1712','18-9-1712','C000000001394', NULL ,'begr. 21-9 2e kl','F', NULL ,'1679','1712', NULL ,'000000000736','000000000737' ) , 
( '000000000753', 'Pieter', NULL ,'Boutesteyn','1693', NULL ,'C000000001394', NULL , NULL ,'M', NULL ,'1713','1726', NULL ,'000000000735', NULL  ) , 
( '000000000755', 'Jan', NULL ,'Bouwensz', NULL , NULL , NULL , NULL , NULL ,'M','Luthers','1570','1614', NULL , NULL , NULL  ) , 
( '000000000759', 'Denys', NULL ,'Bouwman','1725', NULL , NULL , NULL , NULL ,'M', NULL ,'1766','1806', NULL ,'000000000760','000000000761' ) , 
( '000000000763', 'Georgius', NULL ,'Bouwman', NULL , NULL , NULL , NULL , NULL ,'M', NULL ,'1741','1784', NULL , NULL , NULL  ) , 
( '000000000776', 'Johanna', NULL ,'Bouwman','1728','1802', NULL , NULL , NULL ,'F', NULL ,'1759','1790', NULL ,'000000000760','000000000761' ) , 
( '000000000778', 'Daniel','Willemsz van der','Boxe', NULL ,'1667', NULL , NULL , NULL ,'M','Remonstrant','1658','1667', NULL ,'000000000779','000000000780' ) , 
( '000000000788', 'Diewertje','van der','Boxe','1692', NULL , NULL , NULL , NULL ,'F', NULL ,'1726', NULL , NULL ,'000000000784','000000000789' ) , 
( '000000000784', 'Huybert', NULL ,'van der Boxe','1666','10-2-1708','C000000001394', NULL , NULL ,'F', NULL ,'1684','1708', NULL ,'000000000807','000000000781' ) , 
( '000000000779', 'Willem','Christiaensz van der','Boxe','1585/6','1658','C000000001385', NULL ,'begr. PK 16-6','F', NULL ,'1612','1658', NULL , NULL , NULL  ) , 
( '000000000838', 'Abraham', NULL ,'Braamhorst', NULL , NULL ,'C000000001394', NULL , NULL ,'M', NULL ,'1705', NULL , NULL ,'000000000839', NULL  ) , 
( '000000000843', 'Jan','Pietersz van den','Brande', NULL , NULL ,'C000000001295','C000000001392', NULL ,'M', NULL ,'1637', NULL , NULL , NULL , NULL  ) , 
( '000000000845', 'Cornelis','Christiaensz','Brandt', NULL , NULL , NULL , NULL , NULL ,'M', NULL ,'1598','1618', NULL , NULL , NULL  ) , 
( '000000000846', 'Aert','Corsz','Brant', NULL , NULL , NULL , NULL , NULL ,'M', NULL ,'1636', NULL , NULL , NULL , NULL  ) , 
( '000000000848', 'Cornelis','Corsz','Brant', NULL , NULL , NULL , NULL , NULL ,'M', NULL ,'1616', NULL , NULL , NULL , NULL  ) , 
( '000000000849', 'Johannes', NULL ,'Breeckvelt','1624','1670', NULL , NULL , NULL ,'M', NULL ,'1654', NULL , NULL ,'000000000850', NULL  ) , 
( '000000000852', 'Ludolf', NULL ,'Breeckevelt', NULL , NULL ,'C000000001305','C000000001392', NULL ,'M', NULL ,'1621', NULL , NULL , NULL , NULL  ) , 
( '000000000854', 'Wouter', NULL ,'Brenner', NULL , NULL , NULL , NULL , NULL ,'M', NULL ,'1546', NULL , NULL , NULL , NULL  ) , 
( '000000000855', 'Johan','Adam','Bretschneider', NULL , NULL , NULL , NULL , NULL ,'M', NULL ,'1769', NULL , NULL , NULL , NULL  ) , 
( '000000000856', 'Thomas', NULL ,'Brewer', NULL , NULL , NULL , NULL , NULL ,'M', NULL ,'1619', NULL , NULL , NULL , NULL  ) , 
( '000000000857', 'William', NULL ,'Brewster', NULL , NULL ,'C000000001304', NULL , NULL ,'M', NULL ,'1617','1619', NULL , NULL , NULL  ) , 
( '000000000858', 'weduwe', NULL ,'Briand', NULL , NULL , NULL , NULL , NULL ,'F', NULL ,'1766', NULL , NULL , NULL , NULL  ) , 
( '000000000859', 'Johannes', NULL ,'Brill','3-11-1767','21-1-1859','C000000001313','C000000001314', NULL ,'M', NULL ,'1803','1850', NULL , NULL , NULL  ) , 
( '000000000864', 'Lucretia', NULL ,'Brinkman','1776', NULL , NULL , NULL , NULL ,'F', NULL ,'1766', NULL , NULL , NULL , NULL  ) , 
( '000000000866', 'David', NULL ,'Brock', NULL , NULL , NULL , NULL , NULL ,'M', NULL ,'1629', NULL , NULL , NULL , NULL  ) , 
( '000000000867', 'Rijck','van den','Broeck', NULL , NULL , NULL , NULL , NULL ,'M', NULL ,'1726', NULL , NULL , NULL , NULL  ) , 
( '000000000868', 'Arent','van','Broeckhuysen', NULL , NULL , NULL , NULL , NULL ,'M','Katholiek of Oud-Katholiek','1724','1753', NULL , NULL , NULL  ) , 
( '000000000872', 'Dirck','Sybrantsz','Brouckhuysen', NULL , NULL , NULL , NULL , NULL ,'M', NULL ,'1647','1648', NULL , NULL , NULL  ) , 
( '000000000193', 'Pieter', NULL ,'Brouwer','1717', NULL , NULL , NULL , NULL ,'M', NULL , NULL , NULL , NULL , NULL , NULL  ) , 
( '000000000874', 'Claes','de','Bruckere', NULL , NULL ,'C000000001315', NULL , NULL ,'M', NULL ,'1641', NULL , NULL , NULL , NULL  ) , 
( '000000000751', 'Johannes','van der','Brugge', NULL , NULL ,'C000000001394', NULL , NULL ,'M', NULL ,'1659','1676', NULL , NULL , NULL  ) , 
( '000000000882', 'Jan','Marten','Bruyset', NULL , NULL , NULL , NULL , NULL ,'M', NULL ,'1748','1778', NULL , NULL , NULL  ) , 
( '000000000883', 'R', NULL ,'Buisine', NULL , NULL , NULL , NULL , NULL ,'M', NULL ,'1603', NULL , NULL , NULL , NULL  ) , 
( '000000000884', 'Willem','Willeboortsz van der','Burch', NULL , NULL , NULL , NULL , NULL ,'M', NULL ,'1737', NULL , NULL , NULL , NULL  ) , 
( '000000000885', 'Daniel', NULL ,'Burchoorn','1615', NULL ,'C000000001394', NULL , NULL ,'F', NULL ,'1646','1659', NULL , NULL , NULL  ) , 
( '000000000892', 'Isaac','Jacobsz','Burchoorn','1600','1655','C000000001394','C000000001392', NULL ,'M', NULL ,'1625','1632', NULL , NULL , NULL  ) , 
( '000000000888', 'Jacob', NULL ,'Burchoorn','1635', NULL , NULL , NULL , NULL ,'M','Waals','1659','1668', NULL ,'000000000885','000000000886' ) , 
( '000000000897', 'Josua','van','Burchoorn', NULL , NULL , NULL , NULL , NULL ,'M', NULL ,'1629','1652', NULL ,'000000000898','000000000899' ) , 
( '000000000901', 'Hendrik','van','Buren', NULL , NULL , NULL , NULL , NULL ,'M', NULL ,'1750', NULL , NULL , NULL , NULL  ) , 
( '000000000902', 'Gerrit','de','Bus', NULL , NULL , NULL , NULL , NULL ,'M', NULL ,'1727', NULL , NULL , NULL , NULL  ) , 
( '000000000903', 'IJsbrand', NULL ,'Buys', NULL , NULL ,'C000000001394', NULL , NULL ,'M', NULL ,'1736','1740', NULL , NULL , NULL  ) , 
( '000000000906', 'Cornelis','Jansz van','Buyten', NULL , NULL ,'C000000001394', NULL , NULL ,'M', NULL ,'1627','1631', NULL ,'000000000907', NULL  ) , 
( '000000000908', 'Jan', NULL ,'Fagel', NULL , NULL , NULL , NULL , NULL ,'M', NULL ,'1675', NULL , NULL , NULL , NULL  ) , 
( '000000000909', 'Joris', NULL ,'Farquhar', NULL , NULL ,'C000000001336', NULL , NULL ,'M', NULL ,'1645','1663', NULL , NULL , NULL  ) , 
( '000000000911', 'Abraham', NULL ,'Fatsoen', NULL , NULL , NULL , NULL , NULL ,'M', NULL ,'1701','1717', NULL , NULL , NULL  ) , 
( '000000000916', 'broers','de','Faye', NULL , NULL , NULL , NULL , NULL ,'M', NULL ,'1710','1720', NULL , NULL , NULL  ) , 
( '000000000917', 'Ferdinand','le','Febvre', NULL , NULL , NULL , NULL , NULL ,'M', NULL ,'1623','1667', NULL , NULL ,'000000000918' ) , 
( '000000000920', 'Georgius', NULL ,'Figurus','1611', NULL ,'neuburg in de', NULL , NULL ,'M', NULL ,'1639', NULL , NULL , NULL , NULL  ) , 
( '000000000921', 'Amme', NULL ,'Flamine', NULL , NULL , NULL , NULL , NULL ,'M', NULL ,'1598', NULL , NULL , NULL , NULL  ) , 
( '000000000922', 'Heijndrick', NULL ,'Florisz', NULL , NULL , NULL , NULL , NULL ,'M', NULL ,'1610', NULL , NULL , NULL , NULL  ) , 
( '000000000923', 'Jan', NULL ,'Fluijters', NULL , NULL ,'C000000001394', NULL , NULL ,'M', NULL ,'1741', NULL , NULL , NULL , NULL  ) , 
( '000000000925', 'Anthony','de la','Font', NULL ,'9-2-1738','C000000001337', NULL , NULL ,'M','Waals','1690','1738', NULL ,'000000000926', NULL  ) , 
( '000000000926', 'Jean','Alexandre de la','Font','1620','1685','vivarais of pamiers', NULL ,'begr. HK 10/17-11-1685','F', NULL ,'1683','1684', NULL , NULL , NULL  ) , 
( '000000000933', 'Meijndert','Huijbert','Fonteijn', NULL , NULL ,'C000000001394', NULL , NULL ,'M', NULL ,'1784', NULL , NULL , NULL ,'000000000934' ) , 
( '000000000936', 'Jan', NULL ,'Fonteyn', NULL , NULL , NULL , NULL , NULL ,'M', NULL ,'1680', NULL , NULL , NULL , NULL  ) , 
( '000000000937', 'Thomas','Jaspersz','Fonteyn', NULL ,'1661', NULL , NULL , NULL ,'M', NULL ,'1629','1661', NULL , NULL , NULL  ) , 
( '000000000939', 'Francoys', NULL ,'Formie', NULL , NULL ,'C000000001311', NULL , NULL ,'M', NULL ,'1685', NULL , NULL , NULL , NULL  ) , 
( '000000000941', 'Abraham', NULL ,'Fortrie', NULL , NULL , NULL , NULL , NULL ,'M', NULL ,'1668','1669', NULL , NULL , NULL  ) , 
( '000000000944', 'Sara','de','Four', NULL , NULL , NULL , NULL , NULL ,'F', NULL ,'1766', NULL , NULL , NULL , NULL  ) , 
( '000000000945', 'Simon','le','Fourbe', NULL , NULL , NULL , NULL , NULL ,'M', NULL ,'1664', NULL , NULL , NULL , NULL  ) , 
( '000000000946', 'Jean','le','Franois', NULL , NULL , NULL , NULL , NULL ,'M', NULL ,'1678', NULL , NULL , NULL , NULL  ) , 
( '000000000947', 'Carel', NULL ,'Fransz', NULL , NULL ,'C000000001309', NULL , NULL ,'M', NULL ,'1633', NULL , NULL , NULL , NULL  ) , 
( '000000000949', 'Frans', NULL ,'Fransz', NULL , NULL , NULL , NULL , NULL ,'M', NULL ,'1619','1620', NULL , NULL , NULL  ) , 
( '000000000950', 'Jan', NULL ,'Fransz', NULL , NULL , NULL , NULL , NULL ,'M', NULL ,'1652', NULL , NULL , NULL , NULL  ) , 
( '000000000951',  NULL , NULL ,'Freekbuur', NULL , NULL , NULL , NULL , NULL ,'M', NULL ,'1784', NULL , NULL , NULL , NULL  ) , 
( '000000000952', 'Bartholomeus','Jacobsz de','Fries', NULL , NULL , NULL , NULL , NULL ,'M', NULL ,'1617', NULL , NULL , NULL , NULL  ) , 
( '000000000953', 'Claude', NULL ,'Frison', NULL , NULL , NULL , NULL , NULL ,'M', NULL ,'1669', NULL , NULL , NULL , NULL  ) , 
( '000000000954', 'Dirk', NULL ,'Frousse', NULL , NULL , NULL , NULL , NULL ,'M', NULL ,'1632', NULL , NULL , NULL , NULL  ) , 
( '000000000955', 'Cornelis', NULL ,'Oliphiers', NULL , NULL ,'C000000001302', NULL , NULL ,'M', NULL ,'1606', NULL , NULL , NULL , NULL  ) , 
( '000000000957', 'Pieter','Corsz','Onderwaeter','1643', NULL ,'C000000001394', NULL , NULL ,'M', NULL ,'1666', NULL , NULL ,'000000000958', NULL  ) , 
( '000000000960', 'Goedaert', NULL ,'Onderwijs', NULL , NULL , NULL , NULL , NULL ,'M', NULL ,'1668', NULL , NULL , NULL , NULL  ) , 
( '000000000961', 'Barend', NULL ,'Onnekink','1751','1805','C000000001309', NULL , NULL ,'M', NULL ,'1774','1805', NULL , NULL , NULL  ) , 
( '000000000975', 'Heyndrick', NULL ,'Oortgys', NULL , NULL ,'C000000001394', NULL , NULL ,'M', NULL ,'1673', NULL , NULL , NULL , NULL  ) , 
( '000000000977', 'Jurriaan','van','Oosten', NULL , NULL ,'C000000001394', NULL , NULL ,'M', NULL ,'1724', NULL , NULL , NULL , NULL  ) , 
( '000000000979', 'Dirck', NULL ,'Oosterlingh','1617', NULL ,'C000000001394', NULL , NULL ,'M', NULL ,'1608','1617', NULL ,'000000000980','000000000981' ) , 
( '000000000983',  NULL , NULL ,'Oosterwijck', NULL , NULL , NULL , NULL , NULL ,'M', NULL ,'1726', NULL , NULL , NULL , NULL  ) , 
( '000000000984', 'Adrianus', NULL ,'Opperkamp','1748', NULL ,'C000000001394', NULL , NULL ,'M', NULL ,'1775', NULL , NULL ,'000000000985', NULL  ) , 
( '000000000988', 'Cornelis','Jansz','Orlers','1569', NULL , NULL , NULL , NULL ,'M', NULL , NULL , NULL , NULL , NULL , NULL  ) , 
( '000000000989', 'Jan','Jansz','Orlers','5-1-1570','10-8-1646', NULL , NULL , NULL ,'M','Remonstrants','1596','1617', NULL ,'000000000990', NULL  ) , 
( '000000000992', 'Thomas','van','Ossenberg', NULL ,'1755','C000000001392', NULL , NULL ,'M','Katholiek of Oud-Katholiek','1740', NULL , NULL , NULL , NULL  ) , 
( '000000000994', 'Arnoldus','van','Ostaa', NULL , NULL , NULL , NULL , NULL ,'M', NULL ,'1789','1792', NULL , NULL , NULL  ) , 
( '000000000995', 'Pieter','de','Oude','1614', NULL ,'C000000001370', NULL , NULL ,'M', NULL ,'1649', NULL , NULL , NULL , NULL  ) , 
( '000000000996', 'Ditmer','van','Outstede', NULL , NULL , NULL , NULL , NULL ,'M', NULL ,'1645', NULL , NULL , NULL , NULL  ) , 
( '000000000997', 'Huybert','van','Outhuysen', NULL , NULL ,'C000000001371', NULL , NULL ,'M', NULL ,'1689', NULL , NULL , NULL , NULL  ) , 
( '000000000999', 'Jan','Jansz','Ouwenbroek','1724', NULL ,'C000000001394', NULL , NULL ,'M', NULL ,'1750', NULL , NULL ,'000000001000','000000001001' ) , 
( '000000001008', 'Jan','Hendricxz','Nachtegael','1612', NULL ,'C000000001394', NULL , NULL ,'M', NULL ,'1601','1602', NULL , NULL , NULL  ) , 
( '000000001010', 'Joris','Gerritsz','Nachtegael', NULL , NULL , NULL , NULL , NULL ,'M', NULL ,'1604','1617', NULL , NULL , NULL  ) , 
( '000000001011', 'Philips','Hendricksz','Nachtegael','1578','1612','C000000001394', NULL ,'begr. 4-1612','M', NULL ,'1605','1613', NULL , NULL , NULL  ) , 
( '000000001013', 'Josephus', NULL ,'van der Nave','1607', NULL ,'C000000001394', NULL , NULL ,'M', NULL ,'1630','1635', NULL , NULL , NULL  ) , 
( '000000001016', 'Jan','Huybrechtsz van','Nederwaert', NULL , NULL ,'C000000001394', NULL , NULL ,'M', NULL ,'1605','1614', NULL , NULL , NULL  ) , 
( '000000001018', 'Nicolaes','van','Nes', NULL , NULL , NULL , NULL , NULL ,'M', NULL ,'1653','1656', NULL , NULL , NULL  ) , 
( '000000001019', 'Kornelis', NULL ,'Nicolai', NULL , NULL , NULL , NULL , NULL ,'M', NULL ,'1603', NULL , NULL , NULL , NULL  ) , 
( '000000001020', 'Leonardus', NULL ,'Niestus', NULL , NULL , NULL , NULL , NULL ,'M', NULL ,'1585', NULL , NULL , NULL , NULL  ) , 
( '000000001021', 'Jan','Jansz','Nieukerck', NULL , NULL , NULL , NULL , NULL ,'M', NULL ,'1620', NULL , NULL , NULL , NULL  ) , 
( '000000001022', 'Jan', NULL ,'Nisbeth', NULL , NULL ,'C000000001367', NULL , NULL ,'M', NULL ,'1646', NULL , NULL , NULL , NULL  ) , 
( '000000001024', 'Johannes','Georgius','Nisselius','1624','1662','haseloch [palts', NULL , NULL ,'M', NULL ,'1655','1662', NULL , NULL , NULL  ) , 
( '000000001025', 'Cornelis', NULL ,'Noest', NULL , NULL , NULL , NULL , NULL ,'M', NULL ,'1728', NULL , NULL , NULL , NULL  ) , 
( '000000001026', 'Cornelis','Pietersz van','Noorde', NULL , NULL ,'C000000001394', NULL , NULL ,'M', NULL ,'1605', NULL , NULL , NULL , NULL  ) , 
( '000000001028', 'Dirck','Pietersz van','Noort', NULL , NULL , NULL , NULL , NULL ,'M', NULL ,'1622', NULL , NULL , NULL , NULL  ) , 
( '000000001029', 'Cornelis', NULL ,'Noodt', NULL , NULL , NULL , NULL , NULL ,'M', NULL ,'1723', NULL , NULL , NULL , NULL  ) , 
( '000000001030', 'Daniel','Jansz de','Noot', NULL , NULL ,'C000000001394', NULL , NULL ,'M', NULL ,'1680','1699', NULL , NULL , NULL  ) , 
( '000000001032', 'Fran√ßois', NULL ,'Nortier','28-1-1812', NULL , NULL , NULL , NULL ,'M', NULL ,'18', NULL , NULL ,'000000001033','000000001034' ) , 
( '000000001035', 'Gilles', NULL ,'Nutin', NULL , NULL , NULL , NULL , NULL ,'M', NULL ,'1617', NULL , NULL , NULL , NULL  ) , 
( '000000000829', 'Richard', NULL ,'Eyr','1596', NULL , NULL , NULL , NULL ,'M', NULL ,'1632','1634', NULL , NULL , NULL  ) , 
( '000000001036', 'Aernout', NULL ,'Elsevier', NULL , NULL , NULL , NULL , NULL ,'M', NULL , NULL , NULL , NULL , NULL , NULL  ) , 
( '000000001037', 'Elisabeth', NULL ,'Elsevier','1655', NULL ,'C000000001394', NULL ,'begr. PKB 16-8 vanuit Faliede Bagijnhof','M', NULL , NULL , NULL , NULL , NULL , NULL  ) , 
( '000000001040', 'Gillis', NULL ,'Elsevier', NULL ,'1651','C000000001394', NULL ,'begr. PK 1-7','M', NULL , NULL , NULL , NULL , NULL , NULL  ) , 
( '000000001043', 'Pieter','Abrahamsz','Elzevier', NULL , NULL , NULL , NULL , NULL ,'M', NULL , NULL , NULL , NULL , NULL , NULL  ) , 
( '000000001044', 'Abraham','I','Elsevier','4-4-1592','14-8-1652','leiden -8', NULL ,'begr. PK 17-8-1652','M', NULL ,'1620','1653', NULL ,'000000001045', NULL  ) , 
( '000000001051', 'Abraham','II','Elsevier','1653','30-7-1712','C000000001394', NULL , NULL ,'M', NULL ,'1681','1712', NULL ,'000000001052','000000000224' ) , 
( '000000001062', 'Aegidius', NULL ,'Elsevier','1567','1651','wezel', NULL ,'begr. 1-7-1651','M', NULL , NULL , NULL , NULL ,'000000001063', NULL  ) , 
( '000000001066', 'Bonaventura', NULL ,'Elsevier','1583','17-9-1652','leiden -9', NULL ,'begr. PK 21-9-1652','F','Waals','1610','1652', NULL ,'000000001063', NULL  ) , 
( '000000001070', 'Daniel', NULL ,'Elsevier','1626','13-10-1680','C000000001387', NULL ,'begr. PK 20-10-1680','M', NULL ,'1652','1655','Album studiosorum 26-11-1638 Daniel Helzevier. Leidensis. 12. L.; 2-3-1648 Daniel Elsevier Leidensis. 21. L','000000001066', NULL  ) , 
( '000000001072', 'Isaac', NULL ,'Elsevier','11-3-1596','8-10-1651','C000000001394','C000000001333', NULL ,'M', NULL ,'1616','1626', NULL ,'000000001073','000000001074' ) , 
( '000000001079', 'Jacob', NULL ,'Elsevier','1597','1661','C000000001394', NULL , NULL ,'M', NULL , NULL ,'1621','1611 Inschrijving als student','000000001073', NULL  ) , 
( '000000000225', 'Johannes', NULL ,'Elsevier','1622','8-6-1661','zijn weduwe en erven ', NULL ,'begr. PK 5/11-6-1661','M', NULL ,'1651','1661','Album studiosorum 7-12-1653 Johannes Elsevier Academiae typographus. 30', NULL , NULL  ) , 
( '000000001083', 'Loys','I','Elsevier','1547','1617','C000000001334','C000000001394', NULL ,'M', NULL ,'1580','1617', NULL , NULL , NULL  ) , 
( '000000001086', 'Louis','II','Elsevier','1566', NULL ,'C000000001302', NULL , NULL ,'M', NULL ,'1590', NULL , NULL ,'000000001087', NULL  ) , 
( '000000001089', 'Louis','III','Elsevier','1604','1670','C000000001293','C000000001387', NULL ,'M', NULL ,'1637','70','Album studiosorum 20-11-1630 Ludovicus Elzevier. 13','000000001090','000000001091' ) , 
( '000000001045', 'Matthijs', NULL ,'Elsevier','1564','1640','C000000001302', NULL ,'begr. PK 10-12-1640','F', NULL ,'1580','1640', NULL , NULL , NULL  ) , 
( '000000001097', 'Johannes', NULL ,'Uyttenbogaard', NULL , NULL ,'C000000001293', NULL , NULL ,'M', NULL ,'1715', NULL , NULL , NULL , NULL  ) , 
( '000000001099', 'Dirck', NULL ,'Uittenbrouck', NULL , NULL , NULL , NULL , NULL ,'M', NULL ,'1643', NULL , NULL , NULL , NULL  ) , 
( '000000001100', 'Christian', NULL ,'Urall', NULL , NULL , NULL , NULL , NULL ,'M', NULL ,'1646', NULL , NULL , NULL , NULL  ) , 
( '000000001101', 'Antoine','du','Val', NULL , NULL , NULL , NULL , NULL ,'M', NULL ,'1665','1666', NULL , NULL , NULL  ) , 
( '000000000827', 'Esaias','du','Val','1600', NULL , NULL , NULL , NULL ,'M', NULL ,'1632', NULL , NULL , NULL , NULL  ) , 
( '000000001102', 'Jean','du','Val', NULL , NULL , NULL , NULL , NULL ,'M', NULL ,'1666', NULL , NULL , NULL , NULL  ) , 
( '000000001103', 'Jacobus', NULL ,'van der Valk', NULL , NULL , NULL , NULL , NULL ,'M', NULL ,'1727', NULL , NULL , NULL , NULL  ) , 
( '000000001106', 'Daniel', NULL ,'van der Vecht','1690', NULL , NULL , NULL , NULL ,'M', NULL ,'1717', NULL , NULL ,'000000001107','000000001108' ) , 
( '000000001111', 'Abraham','Thomasz de','Vechter','1589','1648', NULL , NULL , NULL ,'M', NULL ,'1617','1639', NULL ,'000000001112', NULL  ) , 
( '000000001114', 'Jan','Thomasz de','Vechter','1595', NULL ,'C000000001394', NULL , NULL ,'M', NULL ,'1627','1654', NULL ,'000000001112','000000001115' ) , 
( '000000001112', 'Thomas','I de','Vechter','1602', NULL ,'C000000001320', NULL ,'begr. 22-3','F', NULL ,'1583','1602', NULL , NULL , NULL  ) , 
( '000000001120', 'Thomas','Thomasz de','Vechter','1584','1630','C000000001394','C000000001394', NULL ,'M', NULL ,'1602','1619', NULL ,'000000001112','000000001118' ) , 
( '000000001122', 'David','van','Veen', NULL , NULL , NULL , NULL , NULL ,'M', NULL ,'1698', NULL , NULL , NULL , NULL  ) , 
( '000000001124', 'Pieter','van','Veen', NULL , NULL , NULL , NULL , NULL ,'M', NULL ,'1690', NULL , NULL , NULL , NULL  ) , 
( '000000001125', 'Adriaen','van de','Velde', NULL , NULL ,'stekene', NULL , NULL ,'M', NULL ,'1610','1633', NULL , NULL , NULL  ) , 
( '000000001128', 'Franciscus','van de','Velde', NULL , NULL , NULL , NULL , NULL ,'M', NULL ,'1735', NULL , NULL , NULL , NULL  ) , 
( '000000001129', 'Ezechiel','van den','Velden', NULL , NULL , NULL , NULL , NULL ,'M', NULL ,'1766', NULL , NULL , NULL , NULL  ) , 
( '000000001130', 'Jan', NULL ,'Velingh', NULL , NULL ,'C000000001356', NULL , NULL ,'M', NULL ,'1672', NULL , NULL , NULL , NULL  ) , 
( '000000001132', 'Herman', NULL ,'Verbeek','1698','6-2-1755', NULL , NULL ,'begr. PK 11-2','M','Luthers','1721','1755', NULL ,'000000001133','000000001134' ) , 
( '000000001133', 'Johannes', NULL ,'Verbeek','1696', NULL ,'C000000001394', NULL ,'begr. PK 23-2-1778','F', NULL ,'1721','1778', NULL ,'000000001133', NULL  ) , 
( '000000001144', 'Johannes', NULL ,'Verbessel', NULL ,'1704','C000000001293','C000000001394', NULL ,'M', NULL ,'1673','1704', NULL , NULL , NULL  ) , 
( '000000001154', 'Hendrick', NULL ,'Verbiest', NULL , NULL ,'zijn weduwe', NULL , NULL ,'M', NULL ,'1652','1666', NULL , NULL , NULL  ) , 
( '000000001158', 'Pieter','Adrianus','Verduyn','1762', NULL ,'C000000001394', NULL , NULL ,'M', NULL ,'1782','1785', NULL ,'000000001159','000000001160' ) , 
( '000000001162', 'Jan', NULL ,'Vergunst', NULL , NULL , NULL , NULL , NULL ,'M', NULL ,'1664', NULL , NULL , NULL , NULL  ) , 
( '000000001163', 'Gillis','Claesz','Verhal', NULL , NULL ,'C000000001380', NULL , NULL ,'M', NULL ,'1610','1611', NULL , NULL , NULL  ) , 
( '000000001165', 'Abraham','Cornelisz','Verhoef', NULL , NULL ,'C000000001295', NULL , NULL ,'M', NULL ,'1663','1672', NULL ,'000000001166', NULL  ) , 
( '000000001171', 'Chaerl', NULL ,'Verhouffstraeten', NULL , NULL ,'C000000001361', NULL , NULL ,'M', NULL ,'1662', NULL , NULL , NULL , NULL  ) , 
( '000000001173', 'Christiaen', NULL ,'Vermey', NULL , NULL ,'bodegraven', NULL , NULL ,'M','Katholiek of Oud-Katholiek','1704','1724', NULL ,'000000001174', NULL  ) , 
( '000000001176', 'Joannes', NULL ,'Vernave', NULL , NULL , NULL , NULL , NULL ,'M', NULL ,'1606', NULL , NULL , NULL , NULL  ) , 
( '000000001177', 'Johannes', NULL ,'Verrejager', NULL , NULL ,'C000000001394', NULL , NULL ,'M', NULL ,'1694', NULL , NULL , NULL , NULL  ) , 
( '000000001179', 'Jan', NULL ,'Verrijk', NULL , NULL , NULL , NULL , NULL ,'M', NULL ,'1739','1751', NULL , NULL , NULL  ) , 
( '000000001180', 'Sijbrant', NULL ,'Verruwhert','1635','14-11-1719','C000000001380', NULL , NULL ,'M', NULL ,'1661','1719', NULL ,'000000001181','000000001182' ) , 
( '000000001185', 'Andries', NULL ,'Verschout','1589', NULL ,'C000000001302','C000000001391', NULL ,'M', NULL ,'1573','1588', NULL , NULL , NULL  ) , 
( '000000001187', 'Barend', NULL ,'van der Vies', NULL , NULL ,'C000000001383', NULL , NULL ,'M', NULL ,'1726', NULL , NULL , NULL , NULL  ) , 
( '000000001189', 'Jacques', NULL ,'Vieusaert', NULL , NULL ,'jembloux', NULL , NULL ,'M', NULL ,'1594','1604', NULL , NULL , NULL  ) , 
( '000000001192', 'Jacob', NULL ,'Vieusaert', NULL , NULL , NULL , NULL , NULL ,'M', NULL ,'1616', NULL , NULL , NULL , NULL  ) , 
( '000000000092', 'Daniel', NULL ,'Vijgh','1748','1793','C000000001362','C000000001394', NULL ,'M','Remonstrants','1769','1793', NULL , NULL , NULL  ) , 
( '000000001207', 'Abraham','van den','Vijver','1597', NULL ,'haarlem', NULL , NULL ,'M', NULL ,'1622','1635', NULL ,'000000001208','000000001209' ) , 
( '000000001208', 'Maerten','van den','Vijver', NULL ,'1609','C000000001302','C000000001394','begr. 21-6','F', NULL ,'1599','1609', NULL , NULL , NULL  ) , 
( '000000001210', 'Jeremias', NULL ,'Villiers', NULL , NULL , NULL , NULL , NULL ,'M', NULL , NULL ,'1622', NULL ,'000000001211', NULL  ) , 
( '000000001212', 'Johannes', NULL ,'van der Vin', NULL , NULL , NULL , NULL , NULL ,'M', NULL ,'1717', NULL , NULL , NULL , NULL  ) , 
( '000000001214', 'Jacob','Pietersz de','Vinck', NULL , NULL ,'C000000001394', NULL , NULL ,'M', NULL ,'1666','1674', NULL , NULL , NULL  ) , 
( '000000000385', 'Johannes','de','Vinck','1609', NULL , NULL , NULL , NULL ,'M', NULL ,'1628','1631', NULL ,'000000001216', NULL  ) , 
( '000000001217', 'Anthonij','de','Vink','1726', NULL ,'C000000001394', NULL , NULL ,'M', NULL ,'1751', NULL , NULL ,'000000001218','000000001219' ) , 
( '000000001221', 'Krijn', NULL ,'Visser','1708', NULL ,'C000000001394', NULL , NULL ,'M', NULL ,'1730','1764', NULL ,'000000001222','000000001223' ) , 
( '000000000028', 'Johannes','du','Vivi','1655','24-1-1733', NULL , NULL , NULL ,'M', NULL ,'1678','1727', NULL ,'000000001234','000000001235' ) , 
( '000000001252', 'P', NULL ,'Vlackerius', NULL , NULL , NULL , NULL , NULL ,'M', NULL ,'1659', NULL , NULL , NULL , NULL  ) , 
( '000000001253', 'Wilhelmina', NULL ,'Vlasvelt', NULL , NULL , NULL , NULL , NULL ,'F', NULL ,'1796', NULL , NULL , NULL , NULL  ) , 
( '000000001254', 'Jasper', NULL ,'van der Vloet', NULL , NULL , NULL , NULL , NULL ,'M', NULL ,'1651', NULL , NULL , NULL , NULL  ) , 
( '000000001255', 'Matthijs','van der','Vloet', NULL , NULL , NULL , NULL , NULL ,'M', NULL ,'1651', NULL , NULL , NULL , NULL  ) , 
( '000000001256', 'Hendrik','de','Vogel','1728', NULL , NULL , NULL ,'begr. 29-10 buiten Leiden','M', NULL ,'16951727', NULL , NULL , NULL , NULL  ) , 
( '000000001259', 'Hieronymus','de','Vogel','1604', NULL , NULL , NULL ,'begr. PK 13-8-1648','M', NULL ,'1636','1648', NULL , NULL , NULL  ) , 
( '000000001262', 'Pieter','de','Vogel','1590', NULL , NULL , NULL , NULL ,'M', NULL ,'1635', NULL , NULL , NULL , NULL  ) , 
( '000000001263', 'Anthony', NULL ,'Vogelpoel','23', NULL , NULL , NULL , NULL ,'M', NULL ,'1705', NULL , NULL , NULL , NULL  ) , 
( '000000001265', 'Alida','Aaltje van der','Voorden','1724', NULL ,'C000000001394', NULL ,'begr. 9-4 buiten Leiden','M', NULL ,'1789','1793', NULL ,'000000001266','000000001267' ) , 
( '000000001268', 'Jacob', NULL ,'Voorn', NULL , NULL ,'C000000001394', NULL , NULL ,'F', NULL ,'1653','1692', NULL ,'000000001269', NULL  ) , 
( '000000001275', 'Johannes', NULL ,'Voorn','1672','1726', NULL , NULL , NULL ,'M', NULL ,'1693', NULL , NULL ,'000000001268', NULL  ) , 
( '000000001276', 'Johannes','de','Vos', NULL , NULL , NULL , NULL , NULL ,'M', NULL ,'1765', NULL , NULL , NULL , NULL  ) , 
( '000000001278', 'Roelof','Jansz de','Vos', NULL , NULL , NULL , NULL , NULL ,'M', NULL ,'1638', NULL , NULL , NULL , NULL  ) , 
( '000000001279', 'Adriaen','Arentsz','Vosbos', NULL , NULL , NULL , NULL , NULL ,'M', NULL ,'1635', NULL , NULL , NULL , NULL  ) , 
( '000000001280', 'Justinus', NULL ,'Vrebing', NULL , NULL , NULL , NULL , NULL ,'M', NULL ,'1655', NULL , NULL , NULL , NULL  ) , 
( '000000001281', 'Dirck','Gerritsz van','Vreeswijck', NULL , NULL , NULL , NULL , NULL ,'M', NULL ,'1622', NULL , NULL , NULL , NULL  ) , 
( '000000001282', 'Johannes','de','Vriendt','1701', NULL , NULL , NULL , NULL ,'M', NULL ,'1675', NULL , NULL , NULL , NULL  ) , 
( '000000001284', 'Asinga Ellerts','de','Vries','1595','Emden','C000000001305', NULL , NULL ,'M', NULL ,'1620','1635', NULL , NULL , NULL  ) , 
( '000000001286', 'Dirck','Jansz','Vries', NULL , NULL ,'C000000001355', NULL , NULL ,'M', NULL ,'1655', NULL , NULL , NULL , NULL  ) , 
( '000000001288', 'Adriaen','Claesz','Vrijenberch', NULL , NULL ,'C000000001309', NULL , NULL ,'M', NULL ,'1619', NULL , NULL , NULL , NULL  ) , 
( '000000001290', 'Fran√ßois', NULL ,'Vrouwaard', NULL , NULL , NULL , NULL , NULL ,'M', NULL ,'1699', NULL , NULL , NULL , NULL  )  
